Provider/Currency,Supported National Currencies,Supported Crypto Currencies,Disclaimer
"1x2, IronDog, Leap",AED AFN ALL AMD ANG AOA ARS AUD AWG AZN BAM BBD BCH BDT BGN BHD BIF BMD BND BOB BRL BSD BTN BWP BYN BYR BZD CAD CDF CHF CLF CLP CNY COP CRC CUC CUP CVE CZK DJF DKK DOG DOP DZD EGP ERN ETB EUR FJD FKP GBP GEL GGP GHS GIP GMD GNF GTQ GYD HKD HNL HRK HTG HUF IDR ILS IMP INR IQD IRR ISK JEP JMD JOD JPY KES KGS KHR KMF KPW KRW KWD KYD KZT LAK LBP LKR LRD LSL LTL LVL LYD MAD MDL MGA MKD MMK MNT MOP MRO MRU MUR MVR MWK MXN MYR MZN NAD NGN NIO NOK NPR NZD OMR PAB PEN PGK PHP PKR PLN PYG QAR RON RSD RUB RWF SAR SBD SCR SDG SEK SGD SHP SLL SOS SRD SSP STD STN SVC SYP SZL THB TJS TMT TND TOP TRY TTD TWD TZS UAH UGX USD UST UYU UZS VEF VND VUV WST XAF XAG XAU XCD XDR XOF XPF YER ZAR ZMK ZMW ZWL,"mETH, mLTC, mBCH",
7777Gaming,AED ALL AMD AOA ARS AUD AZN BAM BDT BGN BOB BRL BWP BYN CAD CDF CHF CLP CNY COP CRC CZK DKK DOP EGP ETB EUR FUN GBP GEL GHS GTQ GYD HKD HNL HTG HUF IDR INR JMD JPY KES KGS KRW KZT LBP LSL MAD MDL MKD MNT MWK MXN MYR MZN NAD NGN NOK NZD PEN PHP PLN PYG RON RSD RUB RWF SEK SGD SLE SRD SZL THB TMT TND TOP TRY TZS UAH UGX USD UYU UZS VES VND XAF XOF ZAR ZMW,-,"BGN, MDL, MKD, RON only with local licenses
"
AESexyBaccarat,AED AUD BDT BND BRL CAD CHF COP CNY EUR GBP HKD IDR JPY KRW KZT KHR KES LAK LKR MOP MMK MYR MNT NOK NZD NPR NGN PTI PTV PKR PHP PEN SEK SGD THB TRY TND TZS USD UAH VND ZAR ZWD ZMW,-,INR is available only for India Nepal Pakistan Bangladesh markets
AGTSoftware,"HNL, JMD, DZD, HRK, CHF, SLL, SZL, TWD, VND, CUP, SBD, SHP, XBT, XPT, TVD, SPL, CAD, RON, CUC, FKP, GIP, LRD, MOP, RWF, BWP, DJF, DKK, GNF, JOD, KWD, LYD, OMR, BMD, BSD, GBP, BHD, HUF, ANG, AWG, BAM, XDR, CZK, BGN, HKD, MYR, NOK, PKR, QAR, SEK, SGD, SYP, COP, BYR, TTD, LSL, NAD, ICX, GEL, TND, CNY, PAB, PGK, TOP, WST, XAG, XCD, BRL, USD, AMD, IMP, AZN, PNT, ZMW, TZS, SSP, IQD, BBD, ZAR, UZS, TMT, FUN, ZWD, EGP, PHP, AED, PEN, BOB, BYN, IDR, KHR, KRW, LKR, MAD, MDL, MRO, MUR, MVR, MWK, NIO, NZD, CLP, PYG, SAR, SCR, SDG, SRD, THB, TRY, UAH, YER, XOF, UYU, BZD, FJD, GTQ, KYD, SVC, VUV, DEC, CFA, SIT, ZWL, MZN, KES, HTG, GMD, ETB, DOP, ILS, AFN, AOA, STD, JEP, INR, ARS, NPR, EUR, BDT, CRC, KZT, ALL, RUB, MXN, ISK, KPW, LAK, LBP, MGA, MKD, MNT, PLN, RSD, SOS, TJS, XAF, BTN, CVE, ERN, KMF, GGP, PRB, UGX, USD, GHS, AUD, BIF, BND, CDF, IRR, KGS, GYD, JPY, XPD, XPF, NGN, XAU","uBTC, mLTC",
Alea,"AED, AFN, ALL, AMD, ANG, AOA, ARS, AUD, AWG, AZN, BAM, BBD, BDT, BHD, BIF, BMD, BND, BOB, BRL, BSD, BTN, BWP, BYN, BZD, CAD, CDF, CHF, CLP, CNY, COP, CRC, CUP, CVE, CZK, DJF, DKK, DOP, DZD, EGP, ERN, ETB, EUR, FJD, FKP, GBP, GEL, GHS, GIP, GMD, GNF, GTQ, GYD, HKD, HNL, HRK, HTG, HUF, IDR, ILS, INR, IQD, IRR, ISK, JMD, JOD, JPY, KES, KGS, KHR, KMF, KPW, KRW, KWD, KYD, KZT, LAK, LBP, LKR, LRD, LSL, LYD, MAD, MBC, mBTC, MDL, MGA, MKD, MMK, MNT, MOP, MRU, MUR, MVR, MWK, MXN, MYR, MZN, NAD, NGN, NIO, NOK, NPR, NZD, OMR, PAB, PEN, PGK, PHP, PKR, PLN, PYG, QAR, RON, RSD, RWF, SAR, SBD, SCR, SDG, SEK, SGD, SHP, SLL, SOS, SRD, SYP, SZL, THB, TJS, TMT, TND, TOP, TRY, TTD, TWD, TZS, UAH, UBC, uBTC, UGX, USD, UYU, UZS, VES, VND, VUV, WST, XAF, XCD, XOF, XPF, YER, ZAR, ZMW","uBTC, MBC, mBTC, UBC",
Altente,AED ALL AMD AOA ARS AUD AVC AZN BAM BCH BCN BDT BGN BHD BIF BND BOB BRL BWP BYN CAD CDF CHF CLP CNY COP CRC CUP CVE CZK  DGB DJF DKK DOP DOT DZD EGP ERN ETB EUR FUN GBP GEL GHS GMD GNF GTQ HKD HNL HRK HTG HUF IDR ILS INR IQD IRR IRRT IRT ISK JOD JPY KES KGS KHR KMF KRE KRW KWD KZT LAK LKR LRD LSL LYD MAD MDL MGA MKD MMK MNT MRU MUR MVR MWK MXN MYR MZN NAD  NGN NIO NOK NPR NZD OMR PAB PEN PHP PKR PLN PPC PYG QAR RON RSD RUB RWF SAR SCR SDG SEK SGD SLL SOS SVC SZL THB TJS TMT TND TRY TTD TWD TZS UAH UGX USD UYU UZS VND XAF XOF ZAR ZMW ZWL,ADA BNB BSV BTC BTS BUSD DASH DOG DOGE ETH GAME LTC MBCH MBNB MBT MBTC MBTG MDASH METC METH MLTC MXMR MZEC NBX QTUM SHIB STRAT SOL TRTL TRX USDT VNDC VSYS UBT XEM XLM XRP ZEC XVG,
Alize,"PHP, IDR(K), VND(K), INR, BRL, MYR, THB, COP(K), NGN, BWP, ZAR, GHS, KES, CNY, JPY, MMK (K), KRW, HKD, TRY, USD",USDT,
Amatic,ALL AMD ARS AZN BAM BGN BRL BYN BYR CAD CLP CNY COP CZK DOP EUR GEL GHS HKD HRK HUF IDR ILS INR ISK JPY KGS KRW KZT MDL MKD MNT MXN MYR NOK NZD PHP PLN RON RSD RUB THB TJS TMT TND TRY TZS UAH UGX USD UZS VND ZAR ZMW,ETH LTC mBTC uBTC mLTC,"CHF, GBP, KES, NGN, PEN, SEK currencies are available only for operators with a local license"
Authentic Gaming,"ALL ARS AUD AZN BAM BGN BRL BYN CAD CHF CLP CNY COP CZK DKK EUR GBP GEL GHS HRK HUF ILS INR IRR KES KGS KRW MDL MNT MXN NGN NOK NZD PEN PHP PLN RON RUB SEK TND TJS TRY UAH USD UYU VEF ZAR XAF, JPY","mETH, USDT, mBCH, DOGE, mDASH, mLTC, mZEC, mETC",
Asia Gaming (Live + Slots),"CNY, KRW, MYR, USD, JPY, THB, IDR, VND, EUR, INR, BRL, GBP, AUD, MMK, CAD",,
Apollo,"AED, AFN, ALL, AMD, AOA, ARS, AUD, AWG, AZN, BAM, BDT, BGN, BHD, BOB, BRL, BWP, BYN, CAD, CHF, CLP, CNY, COP, CRC, CZK, DKK, DOP, EGP, EUR, GBP, GHS, GTQ, GYD, HKD, HNL, HUF, IDR, ILS, INR, IQD, ISK, JOD, JPY, KES, KGS, KHR, KRW, KZT, LBP, LKR, MAD, MDL, MXN, NGN, NOK, NZD, PEN, PHP, PKR, PLN, PYG, RON, RSD, RUB, RWF, SEK, SGD, THB, TJS, TMT, TND, TRY, TWD, TZS, UAH, UGX, USD, UYU, UZS, VES, VND, XAF, ZAR, ZMW","mLTC, uBTC, USDT",
AtmosferaLive,AED ALL AMD AOA ARS AUD AZN BAM BDT BGN BIF BRL BYN CAD CDF CHF CLP CNY COP CRC CUP CZK DKK DZD EGP EUR FJD GBP GEL GHS GTQ HKD HRK HUF IDR ILS INR IQD IRR IRT ISK JOD JPY KES KGS KHR KRW KWD KZT LAK LBP LKR LYD MAD MDL MKD MMK MNT MVR MXN MYR MZN NAD NGN NIO NOK NPR NZD OMR PAB PEN PHP PKR PLN PYG QAR RON RSD RUB RWF SAR SEK SGD SOS SYP THB TJS TMT TND TRY TTD TWD TZS UAH UGX USD UZS VND XAF XOF ZAR ZMW,-,
AvatarUX,ADA AED AFN ALL AMD ANG AOA ARS AUD AZN BAM BDT BGN BHD BIF BNB BOB BRL BWP BYN BZD CAD CDF CHF CLP CNY COP CRC CUP CZK DKK DOG DOP DOT DZD EGP EOS ETB EUR GBP GEL GHS GMD GNF GTQ HKD HNL HTG HUF IDR ILS INR IQD IRR ISK JMD JOD JPY KES KGS KHR KIDR KRW KVND KWD KZT LAK LBP LKR LRD LSL LYD MAD MDL MGA MKD MMK MNT MOP MUR MVR MWK MXN MYR MZN NAD NEO NGN NIO NOK NPR NZD OMR PAB PEN PHP PKR PLN PYG QAR RON RSD RUB RWF SAR SCR SDG SEK SGD SHIB SLL SRD TEUR THB TJS TMT TND TON TRX TRY TTD TWD TZS UAH UGX USD UYU UZS VES VSYS XAF XCD XLM XOF XRP YER ZAR ZMW ZWL,"BCH, DASH, DOGE, mBNB, mETH, mLTC, uBTC, uETH, USDC, USDT, ",
Aviator Studio,All FIAT currencies,,
AviatrixDirect,"AED, ALL, AMD, ANG, AOA, ARS, ARS, AUD, AWG, AZN, BAM, BBD, BDT, BGN, BIF, BMD, BND, BOB, BRL, BSD, BTN, BWP, BYN, BYR, BZD, CAD, CDF, CHF, CLP, CNY, COP, CRC, CUC, CVE, CZK, DJF, DKK, DOP, DZD, EGP, ERN, ETB, EUR, FJD, FKP, GBP, GEL, GGP, GHS, GIP, GMD, GNF, GTQ, GYD, HKD, HNL, HRK, HTG, HUF, IDR, ILS, IMP, IN5, INR, IQD, IRR, ISK, JEP, JMD, JOD, JPY, KES, KGS, KHR, kIDR, KMF, kMMK, KPW, KRW, kVND, KWD, KYD, KZT, LAK, LBP, LKR, LRD, LSL, LYD, MAD, MDL, MKD, MMK, MNT, MOP, MRO, MRU, MUR, MVR, MWK, MXN, MYR, MZN, NAD, NGN, NIO, NOK, NPR, NZD, OMR, PAB, PEN, PGK, PHP, PK5, PKR. PLN, PYG, QAR, RON, RSD, RUB, RWF, SAR, SBD, SDG, SEK, SGD, SHP, SLE, SLL, SOS, SRD, STD, STN, SVC, SYP, SZL, THB, TJS, TMT, TND, TOP, TRY, TTD, TWD, TZS, UAH, UGX, USD, UYU, UZS, VEF, VES, VND, VUV, WST, XAF, XAG, XAU, XCD, XDR, XOF, XPF, YER, ZAR, ZMK, ZMW, ZWD, ZWL	",,
Barbara Bang,AED ALL AMD AOA ARS ARSB AUD AZN BAM BDT BGN BHD BIF BOB BRL BWP BYN CAD CDF CHF CLP CNY COP CRC CUP CZK DKK DZD EGP ETB EUR  GBP GEL GHS GNF GTQ HKD HUF IDR ILS INR IQD IRR ISK JOD JPY KES KGS KRW KWD KZT LAK LBP LKR LSL LYD MAD MDL MGA MKD MMK MNT  MRU MVR MXN MYR MZN NGN NOK NPR NZD OMR PAB PEN PHP PKR PLN PYG QAR RON RSD RUB SAR SCR SDG SEK SGD SLE SLL SOS SYP THB TJS  TMT TND TRY TWD TZS UAH UGX USD UYU UZS VES VND WST XAF XDR XOF YER ZAR ZMW,"USDT mBTG mBTC uBTC mETH mLTC BCH mBCH DASH mDASH mETC XMR mXMR ADA BAT BCN BNB DGB GAME LINK OMG PART QTUM SIB TRX
XEM XVG FTN BTS DOGE XRP",
BeeFee,AED AFN ALL AMD ANG AOA ARS AUD AWG AZN BAM BBD BDT BGN BHD BIF BMD BND BOB BRL BSD BTN BWP BYN BZD CAD CDF CFA CHF CLF CLP CNH CNY COP CRC CRD CUC CUP CVE CZK DJF DKK DOP DZD EGP ERN ETB EUR FJD FKP GBP GEL GGP GHS GIP GMD GNF GTQ GYD HKD HNL HRK HTG HUF IDR ILS IMP INR IQD IRR ISK JEP JMD JOD JPY KES KGS KHR KMF KPW KRW KWD KYD KZT LAK LBP LKR LRD LSL LYD MAD MDL MGA MKD MMK MNT MOP MRU MUR MVR MWK MXN MYR MZN NAD NGN NIO NOK NPR NZD OMR PAB PEN PGK PHP PKR PLN PYG QAR RON RSD RUB RWF SAR SBD SCR SDG SEK SGD SHP SLL SOS SRD SSP STD STN SVC SYP SZL TEU THB TJS TMT TND TOP TRY TTD TWD TZS UAH UGX USD UYU UZS VES VND VUV WST XAF XAG XAU XCD XDR XOF XPD XPF XPT YER ZAR ZMW ZWL,,
Belatra,AED AFN ALL AMD ANG AOA ARS AUD AWG AZN BAM BBD BDT BGN BHD BIF BMD BND BOB BRL BSD BTN BWP BYN BZD CAD CDF CHF CLF CLP CNY COP CRC CUC CUP CVE CZK DJF DKK DOP DZD EGP ERN ETB EUR FJD FKP GBP GEL GHS GIP GMD GNF GTQ GYD HKD HNL HRK HTG HUF IDR ILS INR IQD IRR ISK JMD JOD JPY KES KGS KHR KMF KPW KRW KWD KYD KZT LAK LBP LKR LRD LSL LYD MAD MDL MGA MKD MMK MNT MOP MRO MUR MVR MWK MXN MYR MZN NAD NGN NIO NOK NPR NZD OMR PAB PEN PGK PHP PKR PLN PYG QAR RON RSD RUB RWF SAR SBD SCR SDG SEK SGD SHP SLL SOS SRD SSP STD SVC SYP SZL THB TJS TMT TND TOP TRY TTD TWD TZS UAH UGX USD UYU UZS VEF VND VUV WST XAF XCD XOF XPF YER ZAR ZMW ZWL,ADA BCH BNB BSV DASH DOGE EOS FUN XEM DTC GAME BCH BTL SOL TON TRX USDC USDT XMR XRP ZEC,
BetConstruct,AED AMD ARS AUD AZN BOB BRL BYR CAD CHF CLP CNY COP CZK DKK EUR GBP GEL GHS HKD HUF ILS INR IQD IRR JPY KES KGS KRW KZT LTL MDL MNT MXN MYR NGN NOK NZD PEN PLN PYG RON RSD RUB SEK SGD THB TJS TMT TND TRY TWD UAH UGX USD UYU UZS VEF VND XAF ZAR,-,
BeterLive (ICONIC21),"AED, AFN, ALL, AMD, ANG, AOA, ARS, AUD, AWG, AZN, BAM, BBD, BDT, BGN, BHD, BIF, BMD, BND, BOB, BRL, BSD, BTN, BWP, BYN, BZD, CAD, CDF, CHF, CLF, CLP, CNH, CNY, COP, CRC, CUC, CUP, CVE, CZK, DJF, DKK, DOP, DZD, EGP, ERN, ETB, EUR, FJD, FKP, GBP, GEL, GGP, GHS, GIP, GMD, GNF, GTQ, GYD, HKD, HNL, HRK, HTG, HUF, IDR, IDRK, ILS, IMP, INR, IQD, IRR, ISK, JEP, JMD, JOD, JPY, KES, KGS, KHR, KMF, KPW, KRW, KWD, KYD, KZT, LAK, LBP, LKR, LRD, LSL, LYD, MAD, MDL, MGA, MKD, MMK, MNT, MOP, MRU, MUR, MVR, MWK, MXN, MYR, MZN, NAD, NGN, NIO, NOK, NPR, NZD, OMR, PAB, PEN, PGK, PHP, PKR, PLN, PYG, QAR, RON, RSD, RUB, RWF, SAR, SBD, SCR, SDG, SEK, SGD, SHP, SLL, SOS, SRD, SSP, STN, SVC, SYP, SZL, THB, TJS, TMT, TND, TOP, TRY, TTD, TWD, TZS, UAH, UGX, USD, UYU, UZS, VND, VNDK, VUV, WST, XAF, XCD, XOF, XPF, YER, ZAR, ZMW, ZWL",-,
BetGamesTV + TwainSport,AED AFN ALL AMD ANG AOA ARS AUD AWG AZN BAM BBD BDT BGN BHD BIF BMD BND BOB BOV BRL BSD BTN BWP BYN BZD CAD CDF CHE CHF CHW CLF CLP CNY COP COU CRC CUC CUP CVE CZK DJF DKK DOP DZD EGP ERN ETB EUR FJD FKP GBP GEL GHS GIP GMD GNF GTQ GYD HKD HNL HTG HUF IDR ILS INR IQD IRR ISK JMD JOD JPY KES KGS KHR KMF KPW KRW KWD KYD KZT LAK LBP LKR LRD LSL LYD MAD MDL MGA MKD MMK MNT MOP MRU MUR MVR MWK MXN MXV MYR MZN NAD NGN NIO NOK NPR NZD OMR PAB PEN PGK PHP PKR PLN PYG QAR RON RSD RUB RWF SAR SBD SCR SDG SEK SGD SHP SLE SOS SRD SSP STN SVC SYP SZL THB TJS TMT TND TOP TRY TTD TWD TZS UAH UGX USD USN UYI UYU UZS VED VEF VND VUV WST XAF XCD XDR XOF XPF XSU XUA YER ZAR ZMW ZWL KQD,"uBTC, TRX, BCH",
BetSoft,AED AFN ALL AMD ANG AOA ARS AUD AWG AZN BAM BBD BDT BGN BHD BIF BMD BND BOB BOV BRL BSD BTN BWP BYN BZD CAD CDF CHE CHF CHW CLF CLP CNY COP COU CRC CUC CUP CVE CZK DJF DKK DOP DZD EGP ERN ETB EUR FJD FKP GBP GEL GHS GIP GMD GNF GTQ GYD HKD HNL HTG HUF IDR ILS INR IQD IRR ISK JMD JOD JPY KES KGS KHR KMF KPW KRW KWD KYD KZT LAK LBP LKR LRD LSL LYD MAD MDL MGA MKD MMK MNT MOP MRU MUR MVR MWK MXN MXV MYR MZN NAD NGN NIO NOK NPR NZD OMR PAB PEN PGK PHP PKR PLN PYG QAR RON RSD RUB RWF SAR SBD SCR SDG SEK SGD SHP SLE SOS SRD SSP STN SVC SYP SZL THB TJS TMT TND TOP TRY TTD TWD TZS UAH UGX USD USN UYI UYU UZS VED VEF VND VUV WST XAF XCD XDR XOF XPF XSU XUA YER ZAR ZMW ZWL,"uBTC, mETH, uETH, mLTC, uLTC, BCH, mBCH, uBCH, TRX, USDT, XRP, DOGE",
BetSolutions,"USD, EUR, GBP, TRY, RUB, UAH, GEL, IRR, INR, AMD, KZT, KES, TND, GHS, CAD, BRL, CNY, UZS, ARS, THB",USDT mETH,
BetRadarVS,AFN ALL DZD AOA ARS AMD AWG AUD AZN BSD BHD BDT BBD BYR BYN BZD BMD BTN BOB BAM BWP BRL BND BGN BIF KHR CAD CVE KYD XAF CLP CNY COP KMF CDF CRC HRK CUC CUP CZK DKK DJF DOP XCD EGP SVC EEK ERN ETB EUR FKP FJD XPF GMD GEL GHS GIP GTQ GNF GYD HTG HNL HKD HUF ISK INR IDR IRR IQD ILS JMD JPY JOD KZT KES KPW Won KWD KGS LAK LVL LBP LSL LRD LYD LTL MOP MGA MWK MYR MVR MRO MUR MXN MDL MNT MAD MZN MMK NAD ANG NPR NZD NIO NGN NOK OMR PKR PAB PGK PYG PEN PHP PLN QAR RON RUB RWF SHP WST STD SAR RSD SCR SLL SGD SBD SOS ZAR SSP LKR SDG SRD SZL SEK CHF SYP TWD TJS TZS THB TOP TTD TND TRY TMT UGX UAH AED GBP USD UYU UZS VUV VEF VND XOF YER ZMW ZWL,-,
The Better Platform,"BAM, AED, AZN, BSD, GHS, KGS, MDL, MUR, TJS, TMT, TTD, BYR, IQD, IRR, MGA, RWF, TZS, UGX, AOA, CDF, SCR, BCH, GTQ, ZMK, BYN, XOF, CRC, MZN, VES, UZS, EGP, ETB, KPW, DZD, NAD, ZMW, BWP, HNL, MMK, GNF, SLL, MWK, LBP, JMD, SVC, NIO, AWG, PAB, CUP, CUC, ZAR, VEF, SEK, COP, CHF, CAD, MXN, GEL, PYG, CLP, KES, XAF, AUD, NOK, RUB, BRL, UAH, UYU, NGN, DKK, PLN, KZT, CZK, HUF, PEN, DOP, AMD, ALL, EEK, LTL, LVL, MAD, TND, BOB, NZD, HRK, SDG, GMD, BIF, XCD, PRB, SSP, LYD, THB, HKD, IDR, TRY, MOP, MNT, MYR, BND, RSD, BGN, TWD, NPR, PKR, GBP, RON, LKR, VND, ARS, KHR, USD, PHP, CNY, BDT, INR, KRW, MKD, EUR, SGD, JPY","µBT, mBT, LTC, DTC, DASH, XMR, ETH, ZEC, GAME, XEM, mDASH, mLTC, mETH, mXMR, mZEC, BCN, SIB, DGB, mBCH, mETC, FUNC, BTS, XGOX, mBTG, DOGE, XVG, QTUM, STRAT, TRX, XRP, USDC, TUSD, PAX, USDT, LINK, OMG, BAT, EOS, BNB, BFGEX, µWBTC, ADA, mBNB, XLM, GAL, PSG, ACM, JUV, ASR, DAI, DOT, BUSD, kSHIB, 888, mSOL, mLUNA, UST, TON, AVAX, XBIT, ATOM, MATIC, µBTC, mBTC, ALGO, POL, BCH",
BetRadar,Все поддерживаемые нами валюты.,Все поддерживаемые нами криптовалюты. Желательно проверять заранее перед включением клиенту.,
BGaming,USD EUR GBP AUD CAD JPY FUN AED ALL AMD ARS AR1 AZN BAM BDT BGN BHD BOB BRL BYN CDF CHF CLP CNY COP CRC CZK DKK DOP DZD GEL GHS GTQ HKD HNL HRK HUF IDR ILS INR IQD IRR ISK JOD KES KGS KHR KRW KWD KZT LAK LBP LKR LRD LYD MAD MDL MMK MNT MOP MWK MXN MYR MZN NGN NIO NOK NPR NZD OMR PAB PEN PGK PHP PKR PLN PYG QAR RON RSD RUB RWF SAR SCR SEK SGD THB TJS TMT TND TRY TWD TZS UAH UGX UYU UZS VES VND XAF XOF ZAR ZMK ZMW GHS JPY VEF	,"XRP,  USDT, TRX, DOGE, DASH, uBTC,  mETH,  uETH, mLTC, uLTC, BNB",
BigTime via Relax,AED ALL AMD ARS AUD AZN BAM BDT BGN BND BOB BRL BYN CAD CDF CHF CLP CNY COP CRC CZK DKK DOP EGP EUR GBP GEL GHS HKD HRK HUF HTG IDR ILS INR IQD ISK IRR JPY KES KGS KHR KRW KWD KZT LAK LKR MAD MDL MKD MMK MXN MNT MVR MYR NGN NOK NPR NZD PEN PHP PKR PLN PYG RMB RON RSD RUB RWF SAR SEK SGD SLL SZL THB TJS TMT TND TRY TTD TWD TZS UAH UGX USD UYU UZS VND XAF XOF ZAR ZMW,,
Booming Games,AED ADA AFN ALL AMD ANG AOA ARC ARS AUD AWG AZN BAM BBD BCH BDT BGN BHD BIF BMD BNB BND BOB BRL BSD BTN BWP BYN BZD CAD CDF CHF CLP CNY COP CRC CUP CVE CZK DJF DKK DOP DZD EGP ETB EUR FJD FKP GBP GCC GEL GHS GIP GMD GNF GTQ GYD HJPY HKD HNL HRK HTG HUF IDR ILS INR IOT IQD IRR ISK JMD JOD JPY KES KGS KHR KIDR KMF KPW KRW KVND KWD KYD KZT LAK LBP LKR LRD LSL LYD MAD MDL MGA MKD MMK MNT MOP MRO MUR MVR MWK MXN MYR MZN NAD NGN NIO NOK NPR NZD OMR PAB PEN PGK PHP PJPY PKR PLN PYG QAR RON RSD RUB RWF SAR SBD SCR SDG SEK SGD SHP SLL SOS SRD SSC STD SVC SYP SZL TEUR THB TJS TMT TND TOP TRX TRY TTD TWD TZS UAH UGX ULTC USD USDT UYU UZS VCD VEF VND VUV WST XAF XCD XOF XPF XRP YER ZAR ZMW,"DOGE, mBCH, mETH, mLTC, uBCH, uBTC, uETH, uLTC, MBCH, mSOL, mBNB ",
Booongo (3 Oaks Gaming),AED AFN ALL AMD ANG AOA ARS AR1 AWG AZN BAM BBD BDT BGN BHD BIF BMD BND BOB BRL BSD BTN BWP BYN BZD CAD CDF CHF CLP CNY COP CRC CUC CUP CVE CZK DJF DKK DOP DZD EGP ERN ETB EUR FJD FKP GBP GEL GGP GHS GIP GMD GNF GTQ GYD HKD HNL HRK HTG HUF IDR IMP IN5 INR IQD IRR IRT ISK JEP JMD JOD JPY KES KGS KHR kIDR KMF KPW KRW kVES kVND KWD KYD KZT LAK LBP LB1 LKR LRD LSL LYD MAD MDL MGA MKD MMK MNT MOP MRU MUR MVR MWK MXN MYR MZN NAD NGN NIO NOK NPR NZD OMR PAB PEN PGK PHP PK5 PKR PLN PYG QAR RMB RON RSD RUB RWF SAR SBD SCR SDG SEK SGD SHP SLE SLL SOS SPL SRD STN SVC SYP SZD SZL tAC tDMD THB TJS TMT TND TOP TRY TTD TVD TWD TZS UAH UGX USD UYU UZS VES VND VUV WST XAF XCD XOF XPF YER ZAR ZMW	,"uBTC, mETH, uETH, mLTC, uLTC, BCH, mBCH, uBCH, BTT, TRX, USDT, DOGE, mBNB","AUD and ILS are restricted, this restriction cannot be lifted"
Caleta,"IRR, IRT, VND, LAK, LBP, IDR, UZS, GNF, CHIP, PYG, COP, MGA, KHR, UGX, MNT, SYP, TZS, CDF, MMK, BIF, KRW, IQD,
RWF, MWK, KPW, CLP, XAF, XOF, SDG, SOS, AOA, CRC, #ARS, NGN, KMF, KZT, AMD, HUF, LKR, PKR, YER, ARS, GYD, DJF,
LRD, JMD, HTG, ISK, JPY, KES, DZD, NPR, SSP, VUV, XPF, RSD, BDT, ALL, CVE, AFN, KGS, INR, BTN, RUB, MZN, GMD,
MKD, PHP, DOP, ETB, MUR, UYU, SRD, UAH, NIO, THB, MRU, EGP, TWD, VES, CUP, HNL, CZK, TRY, LSL, NAD, SZL, ZAR,
ZMW, MDL, MXN, MVR, ERN, BWP, SCR, TJS, NOK, GHS, SEK, MAD, SBD, MOP, GTQ, HKD, CNY, HRK, BOB, DKK, TTD,
BRL, LYD, RON, MYR, PLN, SAR, PEN, AED, QAR, ILS, PGK, TMT, TND, WST, XCD, BYN, GEL, FJD, BZD, BBD, BAM, BGN,
ANG, AWG, AZN, NZD, AUD, CAD, BND, SGD, BMD, BSD, CUC, PAB, USD, EUR, FUN, XXX, CHF, KYD, FKP, GBP, GGP, GIP,
IMP, JEP, XDR, JOD, OMR, BHD, KWD, XAG, XAU","SHIB, mDOGE, mXRP, uETH, ONE, RVN,
uBTC, mDASH, CRO, TRX, DOGE, mLTC,
mBCH, mXMR, mBNB, ADA, FTM, FTN,
XRP, CELO, MATIC, EOS, STAKEGC,
STAKESC, TUSD, BUSD, USDC, DAI,
USDT, mETH, TON, UNI, DOT, LINK,
ATOM, AVAX, ETC, SOL, mBTC, AAVE,
LTC, BCH, XMR, BNB, ETH.",
Champion,AFN ALL AMD ANG ARS AUD AWG AZN BAM BBD BGN BHD BIF BMD BND BOB BRL BSD BTN CAD CLP COP CZK DOP EGP ERN EUR GEL GGP GHS GIP GTQ GYD HNL HTG HUF IMP JEP JMD JOD JPY KES KMF KPW KRW KWD KYD KZT LBP LKR LRD MDL MKD MMK MOP MXN MYR NAD OMR PEN PGK PLN RON RSD SCR SEK SGD SRD SVC SYP TJS TMT TTD TWD TZS UAH USD UZS VUV XCD ZAR ZWL,-,
Clawbuster,AED ALL AMD AOA ARS AUD AZN BAM BDT BGN BHD BIF BND BOB BRL BYN CAD CDF CHF CLP CNY COP CRC CUP CZK DKK DOP DZD EGP ETB EUR GBP GEL GHS GMD GNF GTQ HKD HNL HTG HUF IDR ILS INR IQD IRR ISK JMD JOD JPY KES KGS KHR KRW KWD KZT LAK LBP LKR LSL MAD MDL MGA MKD MMK MNT MUR MVR MWK MXN MYR MZN NAD NGN NIO NOK NPR NZD OMR PAB PEN PHP PKR PLN PYG QAR RON RSD RUB RWF SAR SBD SCR SEK SGD SLL SLE SOS SSP SVC SYP THB TJS TMT TND TRY TTD TWD TZS UAH UGX USD UYU UZS VES VND XAF XOF ZAR ZMW ZWL,ACM ADA ALGO ASR ATOM AVAX BAT BCH BCN BNB BTC BTN BTS BUSD DAI DASH DGB DOGE DOT EOS ETH FTN GAL IRT JUV LINK LTC LUNA MATIC NEO OMG POL QTUM SHIB SIB SOL TON TRX TUSD USDC USDT UST XDR XEM XLM XMR XRP XVG ZEC,
Concept Gaming,AED AMD ANG ARS AUD AZN BDT BGN BHD BOB BRL BYN CAD CHF CLP CNY COP CRC CZK DKK DOP DZD EGP GBP GEL HKD HTG HUF IDR ILS INR IQD IRR ISK JOD JPY KGS KRW KWD KZT LBP LKR LRD LYD MAD MDL MXN MYR MZN NGN NOK NPR NZD OMR PAB PEN PHP PKR PLN PYG QAR RON RSD RUB SAR SEK SGD THB TJS TMT TND TRY TWD UAH USD UYU UZS VES VND XAF XOF ZAR	,-,
CT Interactive,AED ALL AMD AOA ARS AUD AZN BAM BDT BGN BHD BND BOB BRL BYN BYR BZD CAD CDF CHF CLP CNY COP CRC CZK DKK DZD EGP ETB EUR GBP GEL GHS GMD GNF GTQ GYD HKD HRK HUF IDR ILS INR IQD IRR ISK JOD JPY KES KGS KHR KMF KRW KWD KZT LBP LKR LRD LTL LYD MAD MKD MMK MNT MOP MXN MYR NGN NIO NOK NZD OMR PEN PHP PKR PLN PYG QAR RON RSD RUB RWF SAR SEK SGD SLL SYP THB TJS TMT TND TRY TWD TZS UAH UGX USD UYU UZS VEF VND XAF XCD XOF ZAR ZMW,USDT,
CQ9,CNY JPY THB MMK VND MYR IDR USD KRW EUR INR GBP SGD AUD PHP IDR(K) VND(K) HKD CQP2 MMKP1 CFC DIMC GODC RUB PLN YGB KHR EGC KHR(Moha) SEK NOK CAD EZGC BLC CT OTC DSCB(K) HDA POC MXN BET MMK BRL KES INR TRY ILS ZAR BND MMK(K) COP BDT CLP TRX NPR TND LAK AED USD VES ARS NGN AMD PKR DZD MAD FRF UAH LAK(K) DOP HTG KZT PEN,TRX DOGE mLTC mETH mEOS mBHD USDX USDT EOS uBTC DCCB,The list of supported сurrencies depends on the game
Digitain,AED ALL AMD ARS AUD AZN BAM BCH BDT BET BGN BHD BOB BRL BYN BYR CAD CDF CHF CLP CNY COP CRC CZK DA DKK DOP EGP ETB ETN EUR GBP GEL GHS GTQ HKD HNL HTG HUF IDR ILS INR IQD IRR IRT JPY KES KGS KHR KRW KZT LAK LBP LKR MAD MDL MMK MNT MOP MXN MYR NGN NIO NOK NZD PEN PHP PLN PYG QAR RON RSD RUB RWF SAR SEK SGD SLL SSP THB TJS TMT TND TRX TRY TWD TZS UAH UGX USD UYU UZS VEF VES VND XAF XOF XOV ZAE ZMW,"uBTC, TRX",
DigitainCG (ImagineLive + DigitainVirtualSports + Galaxsys),BGN KMF AFN CUP GHS GIP XDR QAR AUD ZWL BIF HRK EGP HTG ILS MVR IRT DJF DOP ISK IRR JMD JPY NAD OMR PYG EUR SYP USD COP NZD ETB MNT PLN XCD WST UAH MAD AZN BZD BTN BAM BND CDF FJD KGS LAK MOP MDL RUB RWF SZL CLP BOB KHR AWG KYD CNY HKD JOD KES NIO VUV YER GEL KPW LBP MUR RON TWD TOP UGX UZS VND BDT INR BWP NOK BRL PEN ZAR TMT GTQ GYD LYD MWK SHP STN SOS CZK ERN HUF IQD LSL MMK PGK SSP CHF TZS ALL BYN GMD KZT PAB SLL CHW ZMW DZD ARS AMD SVC XAF DKK MYR MXN SAR SDG SRD GBP BBD BSD AOA FKP CAD HNL MZN PKR CHE XOF CRC GNF KRW LRD MKD MGA NPR NGN PHP TRY XPF BHD BMD CVE IDR KWD ANG SBD LKR SEK THB TTD MRU RSD SCR SGD TJS TND AED UYU FUN BYN VES,"TRX, XRP, uBTC, GBT, USDT",
DragoonSoft,"1IDR,1LAK,1MMK,1VND,AED,AMD,ARS,AUD,AZN,BDT,BRL,BYN,CAD,CDF,CHF,CLP,CNY,COP,CZK,EUR,ETB,GBP,GEL,GHS,HKD,HTG,HUF,IN5,INR,IRR,JPY,KES,KGS,KHR,kIDR,kLAK,kMMK,KRW,kVND,KZT,LKR,MDL,MXN,MYR,NGN,NIO,NOK,NPR,NZD,PEN,PHP,PK5,PKR,PLN,RUB,SEK,SGD,SSP,THB,TMT,TND,TRY,TZS,UAH,UGX,USD,UZS,XAF,XOF,ZAR,ZMW",USDT,
DreamPlay,AED AMD AOA ARS AUD AZN BDT BGN BOB BRL CAD CDF CHF CLP CNY COP CRC CZK EGP ETB EUR GBP GEL GHS GTQ GYD HNL HUF IDR INR IRR JPY KES KGS KHR KRW KZT LBP LKR LSL MDL MWK MXN MYR MZN NAD NGN NIO NOK NPR NZD PEN PHP PKR PLN PYG RON SAR SEK SGD SZL THB TND TJS TMT TRY TZS UAH UGX USD UYU UZS VND XAF XOF ZAR ZMK ZMW,-,
Edict (ReelTime + Merkur),"ALL, AMD, ARS, AUD, AZN, BAM, BGN, BOB, BRL, CAD, CHF, CLP, COP, CZK, DKK, DOP, EUR, GBP, GEL, GHS, HRK, HUF, INR, JPY, KES, KGS, KRW, KZT, LSL, MDL, MKD, MNT, MXN, NGN, NOK, NZD ,PEN, PLN, RON, RSD, RUB, RWF, SEK, TJS, TRY, UAH, UGX, USD, UZS, XAF, ZAR, BDT",-,"Pure Money Game supports these currencies: EUR, AUD, CAD, CHF, GBP, USD"
EGT Digital,AOA AZN BDT BND CDF CLP CNY CRC EGP EUR GBP GTQ INR KGS KHR KRW KZT LKR LRD MAD MDL MNT MZN NAD NPR NZD PHP RUB RWF THB TJS TRY TWD USD UZS VND XAF XOF,-,"ARS, BRL, KES, PEN, CZK, PLN is not supported for .com market	"
Amusnet (ex. EGT Interactive),"AZN, BDT, CAD, CLP, CNY, EGP, EUR, GBP, INR, KGS, KRW, KZT, LKR, MAD, MDL, MNT, NAD, NOK, NPR, NZD, PHP, RUB, RWF, SEK, THB, TJS, TRY, TWD, UAH, USD, UZS, VND, XAF, XOF, ZAR, KHR",-,"ARS, BRL, CHF, COP, CZK, KES, MVR, PEN, PLN, TZS, VES is not supported for .com market        "
ElaGames,"EUR, GBP, USD, AED, ALL, AMD, ANG, AOA, ARS, AUD, AWG, AZN, BAM, BBD, BDT, BGN, BHD, BIF, BMD, BND, BOB, BRL, BSD, BWP, BYN, BZD, CAD, CDF, CHF, CLP, CNY, COP, CRC, CUP, CZK, DKK, DOP, DZD, EGP, ERN, ETB, FJD, GEL, GGP, GHS, GIP, GMD, GNF, GTQ, GYD, HKD, HNL, HTG, HUF, IDR, ILS, INR, IQD, IRR, ISK, JMD, JOD, JPY, KES, KGS, KHR, KMF, KRW, KWD, KZT, LBP, LKR, LYD, MAD, MDL, MGA, MKD, MMK, MNT, MUR, MXN, MYR, NAD, NGN, NIO, NOK, NPR, NZD, OMR, PAB, PEN, PGK, PHP, PKR, PLN, PYG, QAR, RON, RSD, RUB, RWF, SAR, SBD, SCR, SDG, SEK, SGD, SLE, SLL, SOS, SRD, SSP, STN, SVC, SYP, SZL, THB, TJS, TMT, TND, TOP, TRY, TTD, TWD, TZS, UAH, UGX, UYU, UZS, VES, VND, WST, XAF, XCD, XOF, XPF, YER, ZAR, ZMW",,
Elk Studios,AMD ARS AUD BGN BRL CAD CHF CLP CNY COP CAK DKK EUR GBP GEL HKD HRK HUF IDR INR ISK JPY KHR KRW MMK MXN MYR NOK NAD PEN PHP PLN PYG RON RSD RUB SEK SGD THB TRY TWD UAH USD UYU VND ZAR,-,
Endorphina,ADA AFN AMD AOA AWG BAM BDT BHD BIT BNB BOB BRL BTS BWP BYR CAD CDF CHF CLF CNH COP CRC CUP CZK DKK DSH EAC EMC ERN FCT FKP GCX GGP GIP GNF GYD HNL HTG IDR ILS INR ISK JMD JPY KES KGS KMF KRW KYD LAK LBX LRD LVL MAD MGA MMK MOP MRU MVR MXN MYR NAD NIO NOK NVC NZD PAB PGK PKR PLY PRB PYG RON RUB SAR SCR SDG SGD SLL SOS SSP STN SVC SZL TJS TND TRX TTC TWD UAH USD UYI UZS VND VUV XAF XAU XDG XMR XPD XPM XSU XUA YER ZMF ZMW AED ALL ANG ARS AUS AZN BBD BGN BIF BMD BND BOV BSD BTN BTT BYN BZD CBC CHE CHW CLP CNY COU CUC CVE DJF DOP DZD EGP EOS ETB EUR FJD FTC GBP GEL GHS GMD GTQ HKD HRK HUF IDX IMP IRT JEP JOD KHR KPW KWD KZT LBP LKR LSL LTL LYD MDL MKD MNT MRO MUR MWK MXV MZN NGN NMC NPR NXT OMR PEN PHP PLN PPC PTS QAR RSD RWF SBD SCX SEK SHP SLZ SRD STD STR THB TMT TOP TRY TTD TZS UGX UST UYU VEB VES VTC WST XAG XCD XDR XOF XPF XPT XSG XTS ZAR ZWL ,"uBTC (XB3), DOGE (XDG), XRP, BCH, mBNB","DKK, RON, SEK currency is available only for operators with a local license
CZK available only for the Czech operators url .cz"
Enjoy,"USD, UAH, INR, BYN, EUR, KZT, MDL, PLN, RUB, TMT, UZS, AZN, TJS, KGS, TRY, BRL, NGN, TZS, PKR, THB, IDR, MYR, VND, MXN, IRR, BDT, LKR, NPR, JPY, PHP, SAR, AED, CAD, AUD, NZD, AMD, GEL, CNY, NOK, SEK, CZK, ZAR, PEN, CLP, CHF, ARS, TND, KHR, ALL, AOA, BAM, BGN, BHD, BOB, BWP, CDF, COP, CRC, CUP, DKK, DZD, EGP, ETB, GHS, GMD, GNF, GTQ, HKD, HNL, HTG, HUF, IQD, ISK, JOD, KES, KRW, KWD, LBP, LSL, LYD, MAD, MGA, MKD, MNT, MVR, MZN, NAD, OMR, PYG, QAR, RON, RSD, SCR, SDG, SGD, TWD, UGX, UYU, VES, XAF, XOF, ZMW, BTN, RWF, BND, MMK, MRU, BZD, BIF","USDT, mBTC, uBTC, mBCH, mLTC, TRX, XRP, DOGE, mETH, ADA, SHIB, EOS, SOL, DASH",
Espresso Games,"ARS, AUD, AZN, BDT, BRL, CAD, CLP, EUR, GEL, INR, KRW, KZT, LRD, MNT, MZN, MYR, NOK, PLN, RUB, TND, TRY, UAH, USD, UZS, XOF        ",-,It is possible to add other currency by request
EurasianGames,EUR GBP SGD ZAR VEF SEK THB ARS AR1 TRY COP RON CNY CHF CAD MXN MYR RSD GEL PYG CLP KES XAF AUD NOK RUB BRL JPY UAH UYU NGN DKK PLN KZT IDR LTC PPC FSP CZK HUF PEN DOP AMD ALL BGN EEK LTL LVL MAD TND INR HKD TWD KRW BOB NZD HRK BAM LKR AED BDT MVR NPR AZN BSD GHS KGS MDL MUR PRB TJS TMT TTD BYR IQD IRR MGA RWF TZS UGX VND MKD ISK PHP SAR QAR OMR JOD BHD KWD AOA CDF SCR ILS ZEC BND GTQ ZMK BYN KHR MNT NAD MWK CFA VES JMD GYD BMD LBP LSL ZMW UZS HNL PKR SSP MZN CRC PAB ADA TRX DZD EGP ETB PUN NIO SVC BAI GNF ERN SBD BZD MOP QTG LYD IMP JEP BIF BNB DAI ZWL BSV NEO HTG GMD AXS CHZ LAK CUP SOS XDR SOL KYD EOS FTM LRD XLM CHP GIP PGK SRP YER GGP PNY SLL USD TOP SRD RIV SSC GOC,"mETH, mLTC, uBTC, mBCH, USDT, DOGE, XOF, USDC, uETH, XRP, mETC, mSOL",
Evolution Gaming,"AED AFN ALL AMD ANG AOA ARS AR1 AWG AZN BAM BBD BDT BHD BIF BMD BND BOB BRL BSD BTN BWP BYN BZD CAD CDF CLP CNY COP CRC CVE DJF DKK DOP DZD EGP ERN EUR FJD FKP GHS GIP GMD GNF GYD HKD HNL HRK HTG HUF IDR ILS INR IQD ISK JMD JOD JPY KES KGS KHR KMF KRW KWD KYD KZT LAK LBP LKR LRD LSL LYD MAD MDL MGA MKD MNT MOP MRU MUR MVR MWK MXN MYR MZN NAD NGN NIO NOK NPR NZD OMR PAB PEN PGK PHP PKR PLN PYG QAR RUB RWF SAR SBD SCR SGD SHP SLE SLL SOS SRD SVC SZL THB TJS TMT TND TOP TRY TTD TZS UAH UGX USD UYU UZS VES VND VUV WST XAF XCD XCG XDR XOF XPF YER ZAR ZMW

Europe/Asia/LATAM instances have different regional packs of currencies","uBTC, ET2, LT2, mBCH, TRX, USDT, DOGE","all countries where a license is required + their respective currencies won't be available unless you hold a valid license (CAD, CHF, CZK, GBP, GEL, RON, RSD, SEK)
"
Evoplay,AED AFN ALL AMD ANG AOA ARS AR1 AUD AZN BAM BDN BDT BGN BOB BRL BTN BWP BYN BZD CAD CDF CHF CLP CNY COP CVE CRC CZK DJF DKK DZD DOP EGP ETB EUR GBP GEL GHS GMD GNF GTQ GYD HKD HNL HRK HTG HUF IDR ILS INR IQD IRR ISK JMD JOD JPY KES KGS KHR KMF KRW KWD KZT LAK LBP LKR LRD LYD MAD MDL MKD MMK MNT MVR MXN MYR MZN NAD NGN NIO NOK NPR NZD OMR PEN PHP PKR PLN PYG QAR RON RSD RWF RUB SAR SCR SDG SEK SGD SLL SSP SRD THB TJS TMT TND TRY TTD TWD TZS UAH UGX USD UYU UZS VES VND XAF XCD XOF ZAR ZMW ZWL,"uBTC, mETH, mLTC, mBCH, USDT, XRP, DOGE",
Ezugi,ADA VES ZWL AFN AMD AOA AWG BAM BDT BHD BIT BNB BOB BRL BTS BWP BYR CAD CDF CHF CLF CNH COP CRC CUP DKK DSH EAC EMC ERN FCT FKP GCX GGP GIP GNF GYD HNL HTG IDR INR ISK JMD JPY KES KGS KMF KRW KYD LAK LBX LRD LVL MAD MGA MMK MOP MRU MVR MXN MYR NAD NIO NOK NVC NZD PAB PGK PKR PLY PRB PYG RUB SAR SCR SDG SGD SLL SOS SSP STN SVC SZL TJS TND TRX TTC TWD UAH USD UYI UZS VND VUV XAF XAU XDG XMR XPD XPM XSU XUA YER ZMF ZMW ALL ANG ARS AUS AZN BBD BIF BMD BND BOV BSD BTN BTT BYN BZD CBC CHE CHW CLP CNY COU CUC CVE DJF DOP DZD EGP EOS ETB EUR FJD FTC GBP GEL GHS GMD GTQ HKD HRK IDX IMP IRT JEP JOD KHR KPW KWD KZT LBP LKR LSL LTL LYD MDL MKD MNT MRO MUR MWK MXV MZN NGN NMC NPR NXT OMR PEN PHP PLN PPC PTS QAR RSD RWF SBD SCX SEK SHP SLZ SRD STD STR THB TMT TOP TRY TTD TZS UGX UST UYU VEB VTC WST XAG XCD XDR XOF XPF XPT XSG XTS ZAR,"uBTC, TRX, USDT, XRP","BGN - only with Bulgarian license
RON - only with Romanian licanse"
Fa Chai,AED AMD ARS AUD AZN BDT BND BOB BRL BYN CAD CDF CHF CLP CNY COP CRC CUP CZK DOP EGP ETB EUR GBP GEL GHS HKD HTG HUF IDR INR IQD IRR JPY KES KGS KHR KRW KZT LAK LBP LKR MAD MDL MMK MNT MOP MXN MYR MZN NAD NGN NOK NPR NZD PEN PHP PKR PLN PTE PYG RUB SEK SGD SSP THB TMT TND TRY TZS UAH UGX USD UYU UZS VES VND XAF XOF ZAR ZMW ZWD,USDT,
FBastards,AED ALL AMD ANG AOA ARS AUD AWG AZN BAM BBD BDT BGN BMD BND BOB BRL BSD BWP BYN BZD CAD CHF CLP CNY COP CRC CUP CZK DKK DOP DZD EGP ETB EUR FJD FKP GBP GEL GHS GIP GMD GTQ GYD HKD HNL HTG HUF ILS INR ISK JMD KES KGS KHR KYD KZT LAK LBP LKR MAD MDL MKD MMK MNT MOP MUR MVR MWK MXN MYR MZN NAD NGN NIO NOK NPR NZD PAB PEN PGK PHP PKR PLN QAR RON RSD RUB SAR SBD SCR SEK SGD SOS SRD SZL THB TOP TRY TTD TWD TZS UAH USD UYU UZS WST XCD YER ZAR ZMW,-,
Formula Spin,"AED, AFN, ALL, AMD, AOA, ARS, AUD, AWG, AZN, BAM, BBD, BDT, BGN, BHD, BIF, BND, BOB, BRL, BSD, BTN, BWP, BYN, BZD, CAD, CDF, CHF, CLP, CNY, COP, CRC, CVE, CZK, DJF, DKK, DOP, DZD, EGP, ERN, ETB, EUR, GBP, GEL, GHS, GIP, GNF, GTQ, HKD, HNL, HRK, HUF, IDR, ILS, INR, IQD, IRR, ISK, JMD, JOD, JPY, KES, KGS, KHR, KMF, KRW, KWD, KZT, LBP, LKR, LTL, LVL, LYD, MAD, MDL, MGA, MKD, MMK, MNT, MOP, MUR, MXN, MYR, MZN, NAD, NGN, NIO, NOK, NPR, NZD, OMR, PAB, PEN, PHP, PKR, PLN, PYG, QAR, RON, RSD, RUB, RWF, SAR, SDG, SEK, SGD, SOS, SYP, THB, TND, TOP, TRY, TTD, TWD, TZS, UAH, UGX, USD, UYU, UZS, VEF, VND, XAF, XOF, YER, ZAR, ZMK, ZWL
","ADA, BTC, DOGE, P3D, PRB, TRX, USDT, XRP, FUN, GC, SC",
Fugaso,ADA AED AFN ALL AMD AMS ANG AOA ARS ADD AWG AZN BAM BBD BDT BGN BHD BIF BMD BND BOB BRL BSD BTN BTT BWP BYN BYR BZD CAD CDF CFA CHF CLP CNY COP CRC CUC CUP CVE CZK DJF DKK DOGE DOP DTC DZD EEK EGP EOS ERN ETB EUR FEU FJD FKP  GEL GGP GHS GIP GMD GNF GTQ GYD HKD HNL HRK HTG HUF ICX IDR ILS IMP INR IQD IRR IRT ISK JEP JMD JOD JPY KES KGS KHR KMF KPW KRW KWD KYD KZT LAK LBP LKR LRD LSL LTL LVL LYD MAD MDL MGA MKD MMK MNT MOP MRO MUR MVR MWK MXN MYR MZN NAD NEM NGN NIO NOK NPR NZD OMR PAB PEN PGK PHP PKR PLN PYG QAR RMB RON RSD RUB RWF SAR SBD SCR SDG SEK SGD SHP SKK SLL SOC SOS SRD SSP SVC SYP SZL THB TJS TMT TND TOM TOP  TRY TTD TVD TWD TZS UAH UGX USD UYU UZS VEF VES VND VUV WST XAF XCD XEM XOF XPF  XVG XXX YER ZAR ZMK ZMW ZWD,"mBCH, mDASH, mZEC , mETH, uETH, mLTC, uLTC, uBTC, USDT, TRX, XRP, DOGE, mBNB",
Gabsys,AMD AUD AZN BDT BGN BRL BYN CAD CLP CNY CZK DKK EGP ETB EUR GBP GEL ILS INR JPY KES KGS KZT LKR MAD MDL NAD NGN NOK NPR NZD PHP PKR PLN RUB RWF SEK SSP THB TJS TMT TND TRY TZS UAH UGX USD UZS XOF ZAR ZMW ZWL,uBTC,
Gamanza,AED AFN ALL AMD ANG AOA ARS AUD AWG AZN BAM BBD BDT BGN BHD BIF BMD BND BOB BRL BSD BTN BWP BYN BZD CAD CDF CHF CLP CNY COP CRC CUC CUP CVE CZK DJF DKK DOP DZD EGP ERN ETB EUR FJD FKP GBP GEL GHS GIP GMD GNF GTQ GYD HKD HNL HRK HTG HUF IDR ILS INR IQD IRR ISK JMD JOD JPY KES KGS KHR KMF KPW KRW KWD KYD KZT LAK LBP LKR LRD LSL LYD MAD MDL MGA MKD MMK MNEO MNT MOP MRO MUR MVR MWK MXN MYR MZN NAD NGN NIO NOK NPR NZD OMR PAB PEN PGK PHP PKR PLN PPC PYG QAR RON RSD RUB RWF SAR SBD SCR SDG SEK SGD SHP SLL SOS SRD STD SVC SYP SZL THB TJS TMT TND TOP TRX TRY TTD TWD TZS UAH UGX USD UYU UZS VEF VND VUV WST XAF XCD XLM XOF XPF YER ZAR ZMW ZWL,"ADA COIN DOGE EOS MBCH MBNB MDAS METH MLTC UBTC USDT XRP

",
Gamebeat,AED ALL AMD AOA ARS AUD AZN BAM BDT BGN BHD BIF BND BOB BRL BWP BYN CAD CDF CHF CLP CNY COP CRC CUP CZK DKK DOP DZD EGP ETB EUR GBP GEL GGP GHS GIP GMD GNF GTQ HKD HNL HRK HUF IDR ILS IMP INR IQD IRR ISK JEP JOD JPY KES KGS KHR KRW KWD KZT LBP LKR LSL LYD MAD MDL MGA MKD MMK MNT MVR MXN MYR MZN NGN NIO NOK NPR NZD OMR PAB PEN PHP PKR PLN PYG QAR RON RSD RUB RWF SAR SCR SDG SEK SGD SLE SOS THB TJS TMT TND TRY TWD TZS UAH UGX USD UYU UZS VEF VES VND XAF XOF ZAR ZMW,ADA AMP AXS BCH BNB BSV BTT BUSD CAKE CBET CRO CRV DAI DASH DGB DOG DOGE DOT EOS ETC EURS GUSD KSM LINK NEO PNY PPC SHIB SOL TRX TUSD USDC USDT VSYS VTC XBT XLM XMR XRP XTZ ZEC,
GamingCorps,ADA AED AFN ALL AMD AMS ANG AOA ARS ADD AWG AZN BAM BBD BDT BGN BHD BIF BMD BND BOB BRL BSD BTN BTT BWP BYN BYR BZD CAD CDF CFA CHF CLP CNY COP CRC CUC CUP CVE CZK DJF DKK DOGE DOP DTC DZD EEK EGP EOS ERN ETB EUR FEU FJD FKP GEL GGP GHS GIP GMD GNF GTQ GYD HKD HNL HRK HTG HUF ICX IDR ILS IMP INR IQD IRR IRT ISK JEP JMD JOD JPY KES KGS KHR KMF KPW KRW KWD KYD KZT LAK LBP LKR LRD LSL LTL LVL LYD MAD MDL MGA MKD MMK MNT MOP MRO MUR MVR MWK MXN MYR MZN NAD NEM NGN NIO NOK NPR NZD OMR PAB PEN PGK PHP PKR PLN PYG QAR RMB RON RSD RUB RWF SAR SBD SCR SDG SEK SGD SHP SKK SLL SOC SOS SRD SSP SVC SYP SZL THB TJS TMT TND TOM TOP TRY TTD TVD TWD TZS UAH UGX USD UYU UZS VEF VES VND VUV WST XAF XCD XEM XOF XPF XVG XXX YER ZAR ZMK ZMW ZWD,"mBCH, mDASH, mZEC, mETH, uETH, mLTC, uLTC, uBTC, USDT, TRX, XRP, DOGE, mBNB",
Gamzix,AED ALL AMD AOA ARS AUD AZN BAM BDT BGN BHD BND BOB BRL BYN BYR BZD CAD CDF CHF CLP CNY COP CRC CZK DJF DKK DZD EGP ETB EUR GBP GEL GHS GMD GNF GTQ GYD HKD HRK HUF IDR ILS INR IQD IRR ISK JOD JPY KES KGS KHR KMF KRW KWD KZT LBP LKR LRD LTL LYD MAD MDL MKD MMK MNT MOP MXN MYR MZN NGN NIO NOK NZD NPR OMR PEN PHP PKR PLN PYG QAR RON RSD RUB RWF SAR SEK SGD SLL SYP THB TJS TMT TND TRY TWD TZS UAH UGX USD UYU UZS VEF VND XAF XCD XOF ZAR ZMW ZWD ZWL	,mBCH DOGE mETH mLTC TRX USDT uBTC XRP,
GGames via Relax,"AMD, ARS, AUD, AZN, BAM, BGN, BOB, BRL, BWP, BYN, CAD, CHF, CLP, CNY, COP, CRC, CZK, DKK, EUR, GBP, GEL, GHS, GYD, HKD, HRK, HUF, IDR, ILS, INR, ISK, JPY, KES, KRW, KZT, MAD, MKD, MXN, MYR, NGN, NOK, NZD, PEN, PHP, PLN, RON, RSD, RUB, RWF, SEK, SGD, THB, TRY, TZS, UAH, UGX, USD, UYU, VND, XAF, ZAR, ZMW, BZD, GTQ, HNL, NIO, PYG, SRD",-,List of currencies can have differences depends on the game
Genii,"AMD, ARS, AUD, BOB, BRL, CAD, CHF, CLP, CNY, CZK, DKK, EUR, GBP, GEL, GHS, HKD, JPY, KES, KHR, KRW, MXN, MYR, MZN, NGN, NOK, NZD, PAB, PEN, PLN, RUB, RWF, SEK, THB, TRY, TZS, UAH, UGX, USD, VEF, ZAR	","BCH, mBCH, mLTC",
Igrosoft,AED AFN ALL AMD ANG AOA ARS AUD AWG AZN BAM BBD BDT BGN BHD BIF BMD BND BOB BOV BRL BSD BTN BWP BYN BZD CAD CDF CHE CHF CHW CLF CLP CNY COP COU CRC CUC CUP CVE CZK DJF DKK DOP DZD EGP ERN ETB EUR FJD FKP GBP GEL GHS GIP GMD GNF GTQ GYD HKD HNL HTG HUF IDR ILS INR IQD IRR ISK JMD JOD JPY KES KGS KHR KMF KPW KRW KWD KYD KZT LAK LBP LKR LRD LSL LYD MAD MDL MGA MKD MMK MNT MOP MRU MUR MVR MWK MXN MXV MYR MZN NAD NGN NIO NOK NPR NZD OMR PAB PEN PGK PHP PKR PLN PYG QAR RON RSD RUB RWF SAR SBD SCR SDG SEK SGD SHP SLE SOS SRD SSP STN SVC SYP SZL THB TJS TMT TND TOP TRY TTD TWD TZS UAH UGX USD USN UYI UYU UZS VED VEF VND VUV WST XAF XCD XDR XOF XPF XSU XUA YER ZAR ZMW ZWL,"XRP, uETH, TRX",
IGTech,"ADA, AD2, AED, AFN, ALL, AMD, ANG, AOA, ARS, AR1, AUD, AWG, AZN, BAM, BBD, BDT, BGN, BHD, BIF, BMD, BND, BOB, BOS, BRL, BSD, BTN, BTS, BTT, BWP, BYN, BZD, CAD, CDF, CHF, CLF, CLP, CNY, COP, CRC, CUC, CUP, CVE, CZK, DGB, DJF, DKK, DOT, DOG, DOP, DOT, DZD, EEK, EGP, ERN, ETB, EUR, FJD, FKP, GBP, GEL, GGP, GHS, GIP, GMD, GNF, GTQ, GYD, HKD, HNL, HRK, HTG, HUF, IDR, ILS, IMP, INS, INR, IQD, IRT, IRR, ISK, JEP, JMD, JOD, JPY, KES, KGS, KHR, LMF KPW, KRW, KWD, KZT, LAK, LSL, LTL. LYD, MAD, MDL, MGA, MKD, MNK, MMT, MOP, MRU, MUR, MVR, MWK, MXN, MYR, MZN, NAD, NGN, NIO, NOK ,NPR, NZD, OMG, OMR, PAB, PEN, PHP, PKS, PKR, PLN, PYG, QAR, RON, RSD, RUB, RWF, SAR, SAT, SCR, SDG, SEK, SGD, SLE, SLL, SOL, SOS, SRD, SSP, SXT, SYP, SZL, THB, TJS, TMT, TND, TOP, TRX, TRN, TRY, TTD, TWD, TZS, UAH, UGX, USD, UYU, UZS, VEF, VES, VND, WMR, WMU, WMZ, XAF, XDR, XEM, XOF, XRP, XVG, ZAR, ZEC, ZMW, ZWL",-,
IMoon,AED AFN ALL AMD ANG AOA ARS AUD AWG AZN BAM BBD BDT BGN BHD BIF BMD BND BOB BRL BSD BTN BWP BYN BZD CAD CDF CHF CLF CLP CNY COP CRC CUC CUP CVE CZK DJF DKK DOP DZD EGP ERN ETB EUR FJD FKP GBP GEL GGP GHS GIP GMD GNF GTQ GYD HKD HNL HRK HTG HUF IDR ILS IMP INR IQD IRR ISK JEP JMD JOD JPY KES KGS KHR KMF KPW KRW KWD KYD KZT LAK LBP LKR LRD LSL LYD MAD MDL MGA MKD MMK MNT MOP MRU MUR MVR MWK MXN MYR  MZN NAD NGN NIO NOK NPR NZD OMR PAB PEN PGK PHP PKR PLN PYG QAR RON RSD RUB RWF SAR SBD SCR SDG SEK SGD SHP SLL SOS SRD SSP STD STN SYP SZL THB TJS TMT TND TOP TRY TTD TWD TZS UAH UGX USD UYU UZS VES VND VUV WST XAF XCD XDR XOF XPF YER ZAR ZMW ZML,AAVE ADA ALGO APT ARB ATOM AVAX BCH BNB BSV BTC BUSD CBET CRO CRU CRU CUSD DAI DGB DOGE DOT EOS ETC ETH EURS FIL FNT FTN FUN FUNT GRT GUSD HBAR ICP L3USD LDO LEO LIF3 LINK LTC MATIC mBTC mETH MKR MNT NEAR OKB OM OP QNT RT RUNE SHIB SOL STX TON TRX TUSD UNI USDC USDD USDT VET WBTC XAU XDC XLM XMR XRP ZEC,
InOut,"AED, AFN, ALL, AMD, ANG, AOA, ARS, AUD, AWG, AZN, BAM, BBD, BDT, BGN, BHD, BIF, BMD, BND, BOB, BRL, BSD, BTN, BWP, BYN, BZD, CAD, CDF, CHF, CLF, CLP, CNY, COP, CRC, CUP, CVE, CZK, DJF, DKK, DOP, DZD, EGP, ERN, ETB, EUR, FJD, FKP, GBP, GEL, GHS, GIP, GMD, GNF, GTQ, GYD, HKD, HNL, HRK, HTG, HUF, IDR, ILS, INR, IQD, IRR, ISK, JMD, JOD, JPY, KES, KGS, KHR, KMF, KPW, KRW, KWD, KYD, KZT, LAK, LBP, LKR, LRD, LSL, LYD, MAD, MDL, MGA, MKD, MMK, MNT, MOP, MRU, MUR, MVR, MWK, MXN, MYR, MZN, NAD, NGN, NIO, NOK, NPR, NZD, OMR, PAB, PEN, PGK, PHP, PKR, PLN, PYG, QAR, RON, RSD, RUB, RWF, SAR, SBD, SCR, SDG, SEK, SGD, SHP, SLE, SOS, SRD, SSP, SVC, SYP, SZL, THB, TRY, TZS, UAH, USD, UYU, UZS, VEF, VES, VND, XOF, ZAR, ZMW, UGX","ADA, BCH, BNB, BUSD, CSC, DASH, DOG, TRX, USDC, USDT, XMR, XRP, ZEC, TON",
ISoftBet,AED AFN ALL AMD ANG AOA ARS AUD AWG AZN BAM BBD BDT BGN BHD BIF BMD BND BOB BRL BSD BTN BWP BYN BZD CAD CDF CHF CLP CNY COP CRC CUC CUP CVE CZK DJF DKK DOP DZD EGP ERN ETB EUR FJD FKP GBP GEL GGP GHS GIP GMD GNF GTQ GYD HKD HRK HTG HUF IDR ILS IMP INR IQD IRR ISK JEP JMD JOD JPY KES KGS KHR KMF KPW KRW KWD KYD KZT LAK LBP LKR LRD LSL LYD MAD MDL MGA MKD MMK MNT MOP MUR MVR MWK MXN MYR MZN NAD NGN NIO NOK NPR NZD OMR PAB PEN PGK PHP PKR PLN PYG QAR RMB RON RSD RUB RWF SAR SBD SCR SDG SEK SGD SHP SLL SOS SPL SRD STD SVC SYP SZL THB TJS TMT TND TOP TRY TTD TVD TWD TZS UAH UGX USD UYU UZS VEB VND VUV WST XAF XAG XAU XCD XOF XPD XPF YER ZAR ZMW ZWD BYN CNH DOG OTH MRU MXV STN VES,"XRP, TRX, XDT, DOG, OTH, XAU, OTC, XPD, XPT, XAG, XDR",
Habanero,AED ALL DZD AOA ARS AMD AUD AZN BSD BHD BDT BYN BYR BOB BAM BWP GBP BND BGN MMK MMK2 CAD KHR CVE XAF XPF CLP CNY COP KMF CDF CRC HRK CUP CZK DKK DJF DOP EGP ERN ETB EUR GMD GEL GHS GTQ GNF GYD HTG HNL HKD HUF INR IDR IDR2 IQD IQD2 ILS JMD JPY JOD KZT KES KRW KWD KGS LAK LAK2 LSL LRD LYD MOP MKD MGA MWK MYR MVR MRU MUR MXN MDL MNT MAD MZN NAD NPR NZD NIO NGN NOK OMR PYG PAB PKR PEN PHP PLN QAR RMB RON RUB RWF SAR SVC RSD SCR SLL SLE SOS SSP HKP LKR SDG SRD SZL SEK CHF TJS TZS THB TTD TND TRY TMT TOP UGX UAH UYU USD UZS VEF VES VND VND2 XOF YER ZMW        ,"uBTC, mETH, mLTC, BCH, mBCH, USDT, XRP, TRX, DOGE EOS uBCH uETH",ZAR only for South Africa licensed operators
HacksawGaming,ALL AOA ARS AMD AUD AZN BDT BYN BOB BAM BRL BND BGN KHR CAD ZAF CLP RMB CNY COP CDF HRK CZK DKK DOP EGP EUR GMD GEL GHS GTQ GNF HTG HNL HKD HUF ISK INR IDR IRR IQD ILS JPY KZT KES KWD KGS LRD MKD MGA MWK MYR MXN MDL MNT MAD MZN MMK NPR RON TWD NZD NGN NOK PKR PAB PYG PEN PHP PLN GBP RUB RWF SAR RSD SCR SLL SGD ZAR KRW SSP LKR SEK CHF TJS TZS THB TND TRY TMT AED UGX UAH UYU USD UZS VES VND XOF ZMW,ADA uBTC BCH MBNB (BNB3) mBCH DOGE EOS mETH uETH nETH LTC mLTC SOL TRX USDT USDC XRP,
High5 Games (via Relax),"AED, AMD, AOA, ARS, AUD, AZN, BAM, BDT, BGN, BOB, BRL, BYN, CAD, CDF, CHF, CLP, CNY, COP, CRC, CZK, DKK, DOP, EGP, EUR, GBP, GEL, GHS, GMD, GTQ, HKD, HNL, HRK, HTG, HUF, IDR, INR, ILS, ISK, IQD, JPY, KES, KGS, KHR, KRW, KWD, KZT, LKR, MAD, MDL, MGA, MKD, MMK, MNT, MXN, MYR, MZN, NGN, NOK, NZD, PAB, PEN, PLN, PYG, QAR, RMB, RON, RSD, RUB, RWF, SAR, SDG, SEK, SGD, SLL, THB, TJS, TND, TRY, TWD, TZS, UAH, UGX, UYU, USD, UZS, VEF, VND, XAF, XOF, ZAR, ZMW",mLTC mETH DOGE USDT uBTC uETH,
"Hoelle Games
",AED AFN ALL AMD ANG AOA ARS AUD AWG AZN BAM BBD BDT BGN BHD BIF BMD BND BOB BRL BSD BTN BWP BYN BZD CAD CDF CHF CLP CNY COP CRC CUC CUP CVE CZK DJF DKK DOP DZD EGP ERN ETB EUR FJD FKP GBP GEL GHS GIP GMD GTQ GYD HKD HNL HRK HTG HUF IDR ILS INR IQD IRR ISK JMD JOD JPY KES KGS KHR KMF KPW KRW KWD KYD KZT LAK LBP LKR LRD LSL LYD MAD MDL MGA MKD MMK MNT MOP MRO MUR MVR MWK MXN MYR MZN NAD NGN NIO NOK NPR NZD OMR PAB PEN PGK PHP PKR PLN PYG QAR RON RSD RUB RWF SAR SBD SCR SEK SGD` SHP SLL SOS SRD STD SVC SYP SZL THB TJS TMT TND TOP TRY TTD TWD TZS UAH UGX USD UYU UZS VEF VND VUV WST XAF XCD XOF XPF YER ZAR ZMW ZWL,"UBTC MLTC DOGE METH MBCH USDT XRP PPC TRX MBNB EOS XLM
",
HoGaming,AED AMD ARS AUD AZN BAM BDT BGN BND BOB BRL BTN BYN CAD CDF CHF CLP CNY COP CUP CZK DKK DOP DZD EGP ETB EUR FJD GBP GEL GGP GHS GIP GMD GTQHKD HTG HUF IDR ILS IMP INR IQD IRR ISK JEP JPY KES KGS KID KVN KZT LKR MRU MDL MKD MMK MNT MVR MXN MYR MZN NAD NGN NIO NOK NTD NZD PEN PHP PKR PLN PYG RON RSD RUB SAR SEK SGD SSP SYP THB TJS TMT TND TRY TTD TWD TZS UAH UGX USD UYU UZS VEF VES VND XAF XCD XOF ZAR ZMW	,mBTC mETH USDT	,
GameART,USD EUR GBP SGD ZAR VEF SEK THB ARS TRY COP RON CNY CHF CAD MXN MYR RSD GEL PEG CLP KES XAF AUD NOK RUB BRL JPY UAH UYU NGN DKK PLN KZT IDR CZK HUF PEN DOP AMD ALL BGN EEK LTL LVL MAD TND INR HKD TWD KRW BOB NZD HRK BAM LKR AED BDT MVW NPR AZN BSD GHS KGS MDL MUR PRB TJS TMT TTD BYR IQD IRR MGA RWF TZS UGX VND MKD ISK PHP IRT SAR QAR OMR JOD BHD KWD AOA CDF SCR ILS BND GTQ ZMK BYN XOF LSL CRC KHR MZN VES UZS PKR EGP ETB LPW MNT HTG RMB DZD NAD ZMW BWP HNL SZL LAK MMK MOP GNF SLL MWK LBP JMD SVC NIO AWG PAB CUP CUC SDG GMD BIF LRD	,"uBTC, mETH, uETH, mLTC, uLTC, BC2,BTT, TRX, USDT, SGD, BNB, DOGE, XRP, TRX",
Reevo Games,AED AFN ALL AMD ANG AOA ARS AUD AWG AZN BAM BBD BDT BGN BHD BIF BMD BND BOB BRL BSD BTN BWP BYN BYR BZD CAD CDF CHF CLF CLP CNH CNY COP CRC CUC CUP CVE CZK DJF DKK DOP DZD EEK EGP ERN ETB EUR FJD FKP GBP GEL GGP GHS GIP GMD GNF GTQ GYD HKD HNL HRK HTG HUF IDR ILS IMP INR IQD IRR ISK JEP JMD JOD JPY KES KGS KHR KMF KPW KRW KWD KYD KZT LAK LBP LKR LRD LSL LYD MAD MDL MGA MKD MMK MNT MOP MRO MRU MTL MUR MVR MWK MXN MYR MZN NAD NGN NIO NOK NPR NZD OMR PAB PEN PGK PHP PKR PLN PYG QAR RON RSD RUB RWF SAR SBD SCR SDG SEK SGD SHP SLL SOS SRD SSP STD STN SVC SYP SZL THB TJS TMT TND TOP TRY TTD TWD TZS UAH UGX USD UYU UZS VES VND VUV WST XAF XAG XAU XCD XDR XOF XPD XPF XPT YER ZAR ZMK ZMW,"USDT, BCH, DOGE,uBTC",
Golden Race,"Europe/Africa: ALL AMD AOA AZN BAM BGN CDF CHF ETB GNF ISK CZK HUF DZD EUR GEL GHS GMD HRK ILS IQD KES KGS KZT LRD MDL MGA MKD MAD NAD NGN MUR PKR PLN PRB MWK RON RSD RUB RWF SAR SEK SSP TJS TMT TND TRY TZS UAH UGX USD USDT SCR UZS XAF XOF ZAR ZMW MZN
Asia: CNY EUR GBP HKD IDR INR JPY KHR KRW LAK MMK MYR THB TRY TWD USD VND AUD BDT BND IQD KGS KZT LBP LKR NZD PHP PKR SGD TJS TMT
Latin America: ARS BOB BRL CLP COP EUR MXN NIO PEN PYG USD UYU CRC DOP HNL HTG PAB","uBTC, USDT",
Vir2al Games,"BDT, BND, CNY, EUR, HKD, IDR, INR, IQD, JPY, KGS, KHR, KRW, KZT, LAK, LBP, LKR, MMK, MNT, MYR, PHP, PKR, SGD, THB, TJS, TMT, TRY, TWD, USD, UZS, VND",uBTC,
JDB,AED AMD ARS AUD BND BRL BDT BGN BOB BYN CAD CDF CHF CLP COP CRC DZD EUR EGP ETB GBP GHS GTQ HKD HNL IRR JPY KRW KES KGS KHR KZT LAK LBP LKR MMK MAD MNT MOP MUR MXN NGN NOK NPR NZD NIO PKR PHP PEN PYG CNY MYR MZN IDR INR RUB SEK THB TJS TMT TND TRY TZS USD UAH UGX UZS UYU VES VND WST XOF ZAR ZWD ZMW	,"TRX, USDT, TRX, ",
JiliAsia / Zenith,"BDT, BND, CNY, HKD, IDR, INR, JPY, kKHR, KRW, kLAK, LKR, MMK, MVR, MYR, NPR, PHP, PKR, THB, USD, VND","EOS, mDASH, mBCH, uBTC, DOG, mETH, mLTC, mSOL, USDT",
Kalamba,AED AFN ALL AMD ANG AOA ARS AUD AWG AZN BAM BBD BDT BGN BHD BIF BMD BND BOB BRL BSD BTN BWP BYN BYR BZD CAD CDF CHF CHIPS CLP CNY COP CRC CUC CUP CVE CZK DJF DKK DOP DZD EGP ERN ETB EUR FJD FKP FUN GBP GEL GHS GIP GMD GNF GTQ GYD HKD HNL HRK HTG HUF IDR ILS INR IQD IRR ISK JMD JOD JPY KES KGS KHR KMF KPW KRW KWD KYD KZT LAK LBP LKR LRD LSL LTL LYD MAD MDL MGA MKD MMK MNT MOP MRO MUR MVR MWK MXN MYR MZN NAD NGN NIO NOK NPR NZD OMR PAB PEN PGK PHP PKR PLN PYG QAR RON RSD RUB RWF SAR SBD SCR SDG SEK SGD SLL SOC SOS SRD SSP SYP SZL THB TJS TMT TND TOP TRY TTD TWD TZS UAH UGX USD UYU UZS VEF VES VND VUV WST XAF XCD XOF XPF XRP XXX YER ZAR ZMW ZWD IRT ADA RMB kVND kIDR,BCH DOG mETH mLTC TRX uBTC uETH uLTC USDT BNB mBCH SHIB BSV kCBET TUSD kSHIB CBET DAI NEO USDC BUSD XMR,
KA Gaming (Kaga),AED AFN ALL AMD ANG AOA ARS AUD AWG AZN BAM BBD BDT BGN BHD BIF BMD BND BOB BOV BRL BSD BTN BWP BYN BZD CAD CDF CHE CHF CHW CLF CLP CNY COP COU CRC CUC CUP CVE CZK DJF DKK DOP DZD EGP ERN ETB EUR FJD FKP GBP GEL GHS GIP GMD GNF GTQ GYD HKD HNL HTG HUF IDR ILS INR IQD IRR ISK JMD JOD JPY KES KGS KHR KMF KPW KRW KWD KYD KZT LAK LBP LKR LRD LSL LYD MAD MDL MGA MKD MMK MNT MOP MRU MUR MVR MWK MXN MXV MYR MZN NAD NGN NIO NOK NPR NZD OMR PAB PEN PGK PHP PKR PLN PYG QAR RON RSD RUB RWF SAR SBD SCR SDG SEK SGD SHP SLE SOS SRD SSP STN SVC SYP SZL THB TJS TMT TND TOP TRY TTD TWD TZS UAH UGX USD USN UYI UYU UZS VED VEF VND VUV WST XAF XCD XDR XOF XPF XSU XUA YER ZAR ZMW ZWL,"uBTC, mETH, mETH, BCH, mBCH, DOGE, TRX, USDT, XRP, XMR, DASH, mDASH",
Kiron,AED ALL AMD AOA AUD AZN BAM BDT BGN BHD BIF BMD BND BOB BRL BSD BYN CAD CDF CHF CLP CNY COP CRC CUP CZK DIMD DKK DOP DZD EGP ETB EUR FJD FKP GBP GEL GHS GMD GNF GOLD GTQ GYD HKD HNL HRK HTG HUF IDR ILS INR IQD IRR ISK JMD JOD JPY KES KGS KHR KOR KRW KWD KZT LAK LBP LRD LSL LTL LYD MAD MDL MGA MKD MMK MNT MOP MUR MWK MXN MYR MZN NAD NGN NIO NOK NZD OMR PAB PGK PHP PKR PLN PRB PYG QAR RON RSD RUB RWF SAR SBD SCR SGD SLL SRD SSP SVC SYP SZL THB TJS TMT TND TRY TTD TWD TZS UAH UGX USD UYU UZS VEF VES VND XAF XOF YER ZMW	,uBTC,"ARS only for Argentina licensed operators
PEN only for Peru licensed operators
SEK only for Sweden licensed operators
ZAR only for South Africa licensed operators"
Leander,ARS AUD BGN BRL CAD CHF CLP CNY CZK DEC DKK EUR FUN GBP GEL GHS HKD HRK HUF INR ISK JPY KRW LTL MAD MOP MXN MYR NGN NOK NZD NPR PEN PLN PNT RON RUB SEK SGD SKK THB TKN TRY TWD UAH UYU USD VEF ZAR IDR VND,-,
Lucky Streak,AED ALL AMD AOA ARS AUD AZN BAM BDT BHD BGN BIF BND BOB BRL BSD BYN BMD BYR BZD CAD CDF CHF CLP CNY COP CRC CUP CZK DKK DOP DZD EGP ETB EUR GBP GEL GHS GMD GNF GTQ GYD HKD HNL HRK HTG HUF IDR INR IQD IRR IRT JMD JOD JPY KES KGS KHR KRW KVD KWD KZT KYD LBP LKR LRD LSL LYD MAD MDL MGA MKD MMK MNT MUR MVR MWK MXN MYR MZN NAD NGN NOK NPR NSG NZD OMR PAB PEN PHP PKR PLN PYG QAR RON RSD RUB RWF SAR SCR SEK SGD SLE SLL SOS SSP SYP THB TJS TMT TND TRY TTD TWD TZS UAH UGX USD UYU UZS VEF VES VND WVC XAF XOF ZAR ZMK ZMW ZWL,"USDT, BCH, DOGE",
LiveG24 (Medialive),AED AFN ALL AMD ANG AOA ARS AUD AWG AZN BAM BBD BDT BGN BHD BIF BND BOB BRL BSD BWP BYN BZD CAD CDF CHF CLP CNY COP CRC CUP CVE CZK DJF DKK DOP DZD EGP ERN ETB EUR FJD GBP GEL GHS GIP GMD GNF GTQ GYD HKD HNL HRK HTG HUF IDR ILS INR IQD IRR ISK JMD JOD JPY KES KGS KHR KMF KRW KWD KZT LAK LBP LKR LRD LSL LVL LYD MAD MDL MGA MKD MMK MNT MOP MRO MRU MUR MVR MWK MXN MYR MZN NAD NGN NIO NOK NPR NZD OMR PAB PEN PGK PHP PKR PLN PYG QAR RON RSD RUB RWF SAR SBD SCR SDG SEK SGD SLL SOS SRD SSP STN SVC SYP SZL THB TJS TMT TND TOP TRY TTD TWD TZS UAH UGX USD UYU UZS VEF VES VND VUV WST XAF XCD XOF XPF YER ZAR ZMW,-,
LiveSpins,"ADA, AED, AMD, AOA, ARS, AUD, AZN, BCH, BDT, BGN, BIF, BNB, BRL, BYN, CAD, CDF, CHF, CLP, CNY, COP, CRC, CZK, DASH, DKK, DOGE, EGP, EOS, EUR, FUN, GBP, GEL, GHS, GNF, HKD, HRK, HUF, IDR, INR, IQD, IRR, ISK, JPY, KES, KGS, KRW, KZT, LKR, LRD, MAD, MDL, MKD, MVR, MWK, MXN, MYR, MZN, NEO, NGN, NOK, NPR, NZD, PEN, PHP, PKR, PLN, RON, RSD, RUB, RWF, SEK, SGD, SLE, SLL, THB, TND, TRX, TRY, TZS, UAH, UGX, USD, USDT, UZS, VND, XAF, XLM, XOF, XRP, ZAR, ZMW","BCH, DASH, DOGE, EOS, FUN, NEO, TRX, uBTC",
LiveGames (Tombala),TRY USD EUR RUB AUD BGN BRL CAD CHF CNY CZK DKK GBP HKD HNL HRK HUF IDR ILS INR JPY KRW MXN MYR NOK NZD PHP PLN RON SEK SGD THB ZAR UAH AZN TMT GEL KGS MDL KZT AMD TJS PRB MNT COP XAF XOF IRR IRT CLP PEN ARS ARSB VEF UYU HTG RSD ALL BAM ISK MKD BOB PYG UZS BDT VND TWD NGN NPR ETB EGP CDF TZS SDG KES DZD UGX MAD GHS GNF MZN AOA AED MMK KWD SAR BYN TND OMR JOD BHD QAR ZMW ZWL IQD PKR KHR LRD	,ADA BCH BCN BNB BTS BUSD DASH DGB DOGE EOS FTN FUNC MATIC mBCH mBTC mDASH mETH mLTC mXMR mZEC SIB SOL TON TRX uBTC uETH uLTC USDC USDT XEM XMR XRP ZEC,
Mancala Gaming,AED AFN ALL AMD ANG AOA ARS AUD AWG AZN BAM BBD BDT BGN BHD BIF BMD BND BOB BRL BSD BTN BWP BYN BZD CAD CDF CHF CLF CLP CNH CNY COP CRC CUC CUP CVE CZK DJF DKK DOP DZD EGP ERN ETB EUR FJD FKP GBP GEL GGP GHS GIP GMD GNF GTQ GYD HKD HNL HTG HUF IDR ILS IMP INR IQD IRR ISK JEP JMD JOD JPY KES KGS KHR KMF KPW KRW KWD KYD KZT LAK LBP LKR LRD LSL LYD MAD MDL MGA MKD MMK MNT MOP MRU MUR MVR MWK MXN MXV MYR MZN NAD NGN NIO NOK NPR NZD OMR PAB PEN PGK PHP PKR PLN PYG QAR RSD RUB RWF SAR SBD SCR SDG SEK SGD SHP SLE SLL SOS SPL SRD STN SVC SYP SZL THB TJS TMT TND TOP TRY TTD TVD TWD TZS UAH UGX USD UYU UZS VED VEF VES VND VUV WST XAF XAG XAU XBT XCD XDR XOF XPD XPF XPT YER ZAR ZMW ZWD ZWL IRT,"uBTC, mETH, mLTC, BCH, mBCH, USDT, XRP, TRX, DOGE EOS uBCH uETH",It is possible to add other currency by request
MascotGaming,"AED, ALL, AMD, AOA, ARS, AUD, AZN, BC1, BDT, BGN, BHD, BND, BOB, BRL, BYN, CAD, CDF, CHF, CLP, CNY, COP, CRC, CZK, DJF, DKK, DOGE, DZD, EGP, ETB, EUR, GBP, GEL, GHS, GMD, GTQ, GYD, HKD, HRK, HUF, IDR, ILS, INR, IOT, IQD, IRR, ISK, JPY, KES, KGS, KHR, KMF, KRW, KWD, KZT, LBP, LRD, LTL, MAD, MDL, MKD, MMK, MNT, MOP, MXN, MYR, MZN, NGN, NIO, NOK, NZD, NPR, OMR, PEN, PHP, PKR, PLN, PYG, QAR, RON, RSD, RUB, RWF, SAR, SEK, SGD, SYP, THB, TJS, TMT, TND, TRY, TWD, TZS, UAH, UGX, USD, UYU, UZS, VEF, VES, VND, XAF, XOF, XCD, ZAR, ZMW, ZWL	","DOG, uBTC, mBCH, mETH, mLTC, USDT",
Microgaming (ex. MGAsia),AED AMD ARS AZN BDT BGN BND BRL CLP CNY CZK EGP EUR GBP GHS IDR INR IRR JPY KES KHR KRW KZT LAK MMK MXN MYR NGN NZD PEN PHP PKR PLN RSD RUB THB TRY TTH TZS UAH USD UZS VND ZMW        ,USDT,
Games Global (ex. MG),AED ALL AMD AOA ARS AUD AZN BAM BDT BGN BHD BND BOB BRL BYN BYR BZD CAD CDF CHF CLP CNY COP CRC CZK DJF DKK DZD EGP ETB EUR GBP GEL GHS GMD GNF GTQ GYD HKD HRK HUF IDR ILS INR IQD IRR ISK JOD JPY KES KGS KHR KMF KRW KWD KZT LBP LKR LRD LTL LYD MAD MDL MKD MMK MOP MXN MYR NGN NIO NOK NZD OMR PEN PHP PKR PLN PYG QAR RON RSD RWF SAR SEK SGD SLL SYP THB TJS TMT TND TRY TWD TZS UAH UGX USD UYU UZS VEF VES VND XAF XCD XOF ZAR ZMW,-,
N2Live,AED AFN AMD AOA ARS AUD AZN BDT BGN BHD BND BOB BRL BWP BYN BZD CAD CHF CLP CNY COP CRC CUP CYP CZK DKK DOP DZD EEK EGP EUR GBP GEL GHS GTQ HKD HNL HUF IDR ILS INR IQD IRR ISK JMD JPY KES KGS KHR KZT LAK LBP LKR LYD MAD MDL MGA MMK MNT MUR MXN MYR NAD NGN NOK NPR NZD PEN PHP PKR PLN QAR RON RUB SAR SEK SGD SKK SYP THB TMT TND TRL TRY TWD TZS UAH UGX USD UYU UZS VEB VND XAF XOF ZAR ,"uBTC, USDT, uETH, TRX",
Novomatic,AED AFN ALL AMD ANG AOA ARS AR1 AUD AWG AZN BAM BBD BDT BGN BHD BIF BMD BND BOB BRL BSD BTN BWP BYN BYR BZD CAD CDF CHF CLP CNY COP CRC CUC CUP CVE CZK DJF DKK DOP DZD EGP ERN ETB EUR FJD FKP GBP GEL GGP GHS GIP GMD GNF GTQ GYD HKD HNL HRK HTG HUF IDR ILS IMP INR IQD IRR ISK JEP JMD JOD JPY KES KGS KHR KMF KPW KRW KWD KYD KZT LAK LBP LKR LRD LSL LYD MAD MDL MGA MKD MMK MNT MOP MRO MUR MVR MWK MXN MYR MZN NAD NGN NIO NOK NPR NZD OMR PAB PEN PGK PHP PKR PLN PYG QAR RON RSD RUB RWF SAR SBD SCR SDG SEK SGD SHP SLL SOS SPL SRD STD SVC SYP SZL THB TJS TMTTND TOP TRY TTD TVD TWD TZS UAH UGX USD UYU UZS VEF VND VUV WST XAF XAG XAU XCD XDR XOF XPD XPF XPT YER ZAR ZMW ZWD,-,
Nemesis,AED ALL AMD ANG AOA ARS AUD AZN BDT BOB BRL BYN CAD CDF CHF CLP CNY COP CRC CVE DKK DOP DZD ERN ETB EUR GBP GEL GHS GIP GMD GNF HNL HRK HTG IDR ILS INR IQD IRR JPY KES KGS KRW KZT LBP LYD MAD MGA MKD MVR MWK MXN MYR MZN NAD NGN NOK NZD PEN PKR PLN PYG RON RSD RUB SDG SEK SGD SLL SZL THB TMT TND TRY TZS UAH UGX USD UYU UZS VND XAF XOF ZAR ZMW,"mBTC, uBTC",
NetGame,"ADA, AD2, AED, AFN, ALL, AMD, ANG, AOA, ARS, AR1, AUD, AWG, AZN, BAM, BBD, BDT, BGN, BHD, BIF, BMD, BND, BOB, BOS, BRL, BSD, BTN, BTS, BTT, BWP, BYN, BZD, CAD, CDF, CHF, CLF, CLP, CNY, COP, CRC, CUC, CUP, CVE, CZK, DGB, DJF, DKK, DOT, DOG, DOP, DOT, DZD, EEK, EGP, ERN, ETB, EUR, FJD, FKP, GBP, GEL, GGP, GHS, GIP, GMD, GNF, GTQ, GYD, HKD, HNL, HRK, HTG, HUF, IDR, ILS, IMP, INS, INR, IQD, IRT, IRR, ISK, JEP, JMD, JOD, JPY, KES, KGS, KHR, LMF KPW, KRW, KWD, KZT, LAK, LRD, LSL, LTL. LYD, MAD, MDL, MGA, MKD, MNK, MMT, MOP, MRU, MUR, MVR, MWK, MXN, MYR, MZN, NAD, NGN, NIO, NOK ,NPR, NZD, OMG, OMR, PAB, PEN, PHP, PKS, PKR, PLN, PYG, QAR, RON, RSD, RUB, RWF, SAR, SAT, SCR, SDG, SEK, SGD, SLE, SLL, SOL, SOS, SRD, SSP, SXT, SYP, SZL, THB, TJS, TMT, TND, TOP, TRX, TRN, TRY, TTD, TWD, TZS, UAH, UGX, USD, UYU, UZS, VEF, VES, VND, WMR, WMU, WMZ, XAF, XDR, XEM, XOF, XRP, XVG, ZAR, ZEC, ZMW, ZWL	","BCH, DOGE, SHIB, XRP, TRX, MBC, USDT, mLTC (LT1), uETH (ET2), uBTC, mETC, mETH (ET1)",
NetEnt,"AED AFN ALL AMD ANG AOA ARS AR1 AWG AZN BAM BBD BDT BHD BIF BMD BND BOB BRL BSD BTN BWP BYN BZD CAD CDF CLP CNY COP CRC CVE DJF DKK DOP DZD EGP ERN EUR FJD FKP GHS GIP GMD GNF GYD HKD HNL HRK HTG HUF IDR ILS INR IQD ISK JMD JOD JPY KES KGS KHR KMF KRW KWD KYD KZT LAK LBP LKR LRD LSL LYD MAD MDL MGA MKD MNT MOP MRU MUR MVR MWK MXN MYR MZN NAD NGN NIO NOK NPR NZD OMR PAB PEN PGK PHP PKR PLN PYG QAR RUB RWF SAR SBD SCR SGD SHP SLE SLL SOS SRD SVC SZL THB TJS TMT TND TOP TRY TTD TZS UAH UGX USD UYU UZS VES VND VUV WST XAF XCD XCG XDR XOF XPF YER ZAR ZMW

Europe/Asia/LATAM instances have different regional packs of currencies","uBTC, ET2, LT2, mBCH, TRX, USDT","all countries where a license is required + their respective currencies won't be available unless you hold a valid license (CAD, CHF, CZK, GBP, GEL, RON, RSD, SEK)
"
Nextspin,AED ARS AUD BDT BND BRL CAD CNY COP CLP DZD EUR ETB FKP GBP GHS HKD IDR INR JPY KHR KWD KRW LAK MAD MMK MNT MYR MXN NGN NPR PHP PEN PGK PKR RUB SEK SGD THB TND TRY TW1 TW2 USD UZS VES VND XAF	,"USDT, uBTC, mETH, mLTC, mBCH, XRP, TON	",
NoLimit City,"AMD, AOA, ARS, AWG, AZN, BAM, BDT, BGN, BRL, BSD, BYN, CAD, CHF, CLF, CLP, COP, CRC, CVE, CZK, DKK, DOP, EEK, ERN, ETB, EUR, GEL, GGP, GIP, HKD, HNL, HRK, HUF, IMP, INR, ISK, JEP, JPY, KES, KZT, MDL, MGA, MKD, MOP, MWK, MXN, MZN, NAD, NGN, NIO, NOK, NZD, PYG, RON, RSD, RUB, SBD, SCR, SEK, THB, TND, TTD, TZS, UAH, USD, UYU, UZS, VND, PLN, TRY","uBTC, mETH, uETH, mLTC, uLTC, XRP, XMR, DASH, DOGE, USDT, mBNB","Cryptos not available for MGA license
GBP available only for licensed operators"
NucleusGaming,AED AFN ALL AMD ANG AOA ARS AUD AWG AZN BAM BBD BDT BGN BHD BIF BMD BND BOB BRL BSD BTN BWP BYN BZD CAD CDF CHF CLF CLP CNY COP CRC CUP CVE CZK DJF DKK DOP DZD EGP ERN ETB EUR FJD FKP GBP GEL GHS GIP GMD GNF GTQ GYD HKD HNL HRK HTG HUF IDR IGN ILS INR IQD IRR ISK JMD JOD JPY KES KGS KHR KMF KPW KRW KWD KYD KZT LAK LBP LKR LRD LSL LYD MAD MDL MGA MKD MMK MNT MOP MRO MRU MUR MVR MWK MXN MYR MZN NAD NGN NIO NOK NPR NZD OMR PAB PEN PGK PHP PKR PLN PYG QAR RON RSD RUB RWF SAR SBD SCR SDG SEK SGD SHP SLL SOS SRD SSP STD STN SVC SYP SZL THB TJS TND TOP TRY TTD TWD TZS UAH UGX USD UYU UZS VES VND VUV WST XAF XAG XCD XDR XOF XPD XPF XPT YER ZAR ZMW ZWL,ADA BCH MCH UCH BNB MNB DFZ DTC EOS MEH UEH MLC ULC UBC MZC UZC NEO SOL TET TRX XDG XLM XRP ZEC,
1Spin4Win,AED AMD ARS AUD AZN BDT BGN BOB BRL BYN CAD CDF CHF CLP CNY COP CRC CZK DKK EGP EUR GEL GHS HUF IDR ILS INR IQD IRR JPY KES KGS KRW KZT MAD MDL MXN MYR NGN NOK NZD PEN PHP PKR PLN RON RSD RUB RWF SEK SOS THB TJS TND TRY TZS UAH UGX USD UYU UZS VND XAF XOF ZAR ZMW,LTC USDT DOG XRP BCH ADA TRX BNB,
Onlyplay,AED AFN ALL AMD ANG AOA ARS AUD AWG AZN BAM BBD BDT BGN BHD BIF BMD BND BOB BRL BSD BTN BWP BYN BZD CAD CDF CHF CLF CLP CNH CNY COP CRC CUC CUP CVE CZK DJF DKK DOP DZD EGP ERN ETB EUR FJD FKP GBP GEL GGP GHS GIP GMD GNF GTQ GYD HKD HNL HTG HUF IDR ILS IMP INR IQD IRR ISK JEP JMD JOD JPY KES KGS KHR KMF KPW KRW KWD KYD KZT LAK LBP LKR LRD LSL LYD MAD MDL MGA MKD MMK MNT MOP MRU MUR MVR MWK MXN MXV MYR MZN NAD NGN NIO NOK NPR NZD OMR PAB PEN PGK PHP PKR PLN PYG QAR RSD RUB RWF SAR SBD SCR SDG SEK SGD SHP SLE SLL SOS SPL SRD STN SVC SYP SZL THB TJS TMT TND TOP TRY TTD TVD TWD TZS UAH UGX USD UYU UZS VED VEF VES VND VUV WST XAF XAG XAU XBT XCD XDR XOF XPD XPF XPT YER ZAR ZMW ZWD ZWL IRT,"BTT, BCH, mBCH, uBCH, DASH, mDASH, DOGE, mETH, uETH, mLTC, uLTC, METC, MZEC, TRX, XRP, USDT, uBTC, XEM, XVG, ZEC",
Orbital,"AED, ALL, AMD, ARS, AUD, AZN, BAM, BDT, BGN, BRL, BYN, CAD, CDF, CHF, CLP, CNY, COP, CRC, CZK, DKK, ETB, EUR, GBP, GEL, GHS, GTQ, HKD, HRK, HTG, HUF, IDR, ILS, INR, IQD, IRR, ISK, JPY, KES, KGS, KRW, KWD, KZT, MAD, MDL, MKD, MMK, MNT, MXN, MYR, NAD, NGN, NOK, NZD, PEN, PHP, PKR, PLN, RON, RUB, SAR, SEK, SGD, SLL, THB, TMT, TND, TRY, TWD, TZS, UAH, USD, UYU, UZS, VND, XAF, XOF, ZAR, ZMW","DOGE, BNB, USDC, ET1",
Oriental Game,"OG Live support all currencies with three-letter abbreviations that are relatively popular in the market, but do not include Philippine Peso (PHP) and Hong Kong Dollar (HKD).",USDT,
OriginalGames,"EUR, RUB, USD, GBP, CHF, PLN, SEK, NOK, CAD, TST, LTL, GLP, ROM, BAB, UAH, KZT, AED, AMD, AUD, DKK, GEL, TRY, BYR, ILS, BRL, ARS, CLP, CZK, MXN, ZAR, IQD, KGS, CNY, PEN, COP, JPY, HKD, MDL, TJS, MNT, UYU, XAF, IRR, VEF, BTC, KES, HUF, TMT, AZN, BYN, MBC, BGN, INR, MYR, NGN, NZD, RON, SGD, GHS, KRW, THB, ETH, LTC, XB3, UZS, ET1, ET2, LT1, LT2, BCH, BC1, BC2, IOT, VES, RSD, VND, TWD, UGX, BOB, PYG, TND, IDR, KHR, DJF, CRC, DZD, GYD, ISK, KMF, LBP, LRD, XMR, PHP, HRK, TZS, MKD, BDT, BND, PKR, RWF, XOF, ALL, XM1, ZWL, ETB, ZMW, GMD, CDF, USDT, TRX, BTT, MAD, NIO, GTQ, QAR, AOA, AR1, MOP, MMK, BHD, KWD, SAR, EGP, OMR, SYP, XCD, DOGE, XRP, LKR, ZWD, JOD, BZD, SLL, GNF, LYD, DASH, ZEC, ETC, MDASH, MZEC, METC, XEM, DGB, BTS, XVG, BAM, BNB, NAD, DOP, HTG, NPR, MBNB, UBNB, SLE, LB1, ADA, NEO, USDC, DAI, BSV, USDS, BUSD, LAK, KQD, MVR, MZN, TTD, MATIC, SOL, MSOL, BWP, MGA, HNL, LINK, SHIB, AVAX, POL, SZL, LSL","BTC, ETH, LTC, BCH, DASH, ZEC, XMR, ETC, DOGE, XRP,
BNB, USDT, TRX, BTT, ADA, NEO, USDC, DAI, BSV, BUSD,
MATIC, SOL, LINK, SHIB, AVAX,
TST, GLP, ROM, BAB, MBC, XB3, ET1, ET2, LT1, LT2,
BC1, BC2, IOT, MDASH, MZEC, METC, XEM, DGB, BTS, XVG,
MBNB, UBNB, LB1, USDS, AR1, KQD, MSOL, POL",
Oryx Gaming (GamomatGames + BlueHorn),"AED,AFN,ALL,AMD,ANG,AOA,ARS,AUD,AWG,AZN,BAM,BBD,BDT,BGN,BHD,BIF,BMD,BND,BOB,BRL,BSD,BTN,BWP,BYN,BYR,BZD,CAD,CDF,CHF,CLF,CLP,CNH,CNY,COP,CRC,CUC,CUP,CVE,CZK,DJF,DKK,DOP,DZD,EGP,ERN,ETB,EUR,FJD,FKP,GBP,GEL,GGP,GHS,GIP,GMD,GNF,GTQ,GYD,HKD,HNL,HRK,HTG,HUF,IDR,ILS,IMP,INR,IQD,IRR,ISK,JEP,JMD,JOD,JPY,KES,KGS,KHR,KMF,KPW,KRW,KWD,KYD,KZT,LAK,LBP,LKR,LRD,LSL,LYD,MAD,MDL,MGA,MKD,MMK,MNT,MOP,MRO,MRU,MUR,MVR,MWK,MXN,MYR,MZN,NAD,NGN,NIO,NOK,NPR,NZD,OMR,PAB,PEN,PGK,PHP,PKR,PLN,PRB,PTS,PYG,QAR,RON,RSD,RUB,RWF,SAR,SBD,SCR,SDG,SEK,SGD,SHP,SLL,SOS,SRD,SSP,STD,STN,SVC,SYP,SZL,THB,TJS,TMT,TND,TOP,TRY,TTD,TWD,TZS,UAH,UGX,USD,UYU,UZS,VEF,VES,VND,VUV,WST,XAF,XAG,XAU,XCD,XDR,XGB,XOF,XPD,XPF,XPT,YER,ZAR,ZMW,","MBC, uBTC",
Salsa Technology,"USD, BRL, EUR, JPY, CNY, SDG, RON, MKD, MXN, CAD, ZAR, AUD, NOK, ILS, SYP, LYD, UYU, YER, THB, IDR, LBP, AED, BOB, QAR, BHD, HNL, HRK, COP, ALL, MYR, SEK, RSD, DOP, KRW, CZK, TND, KWD, VND, JOD, NZD, PAB, CLP, PEN, GBP, DZD, CHF, RUB, UAH, ARS, SAR, EGP, INR, PYG, TWD, TRY, BAM, OMR, SGD, MAD, NIO, HKD, GTQ, HUF, IQD, CRC, PHP, SVC, PLN, AMD, AZN, BDT, GEL, GHS, IRR, KES, KZT, MDL, MZN, NAD, NGN, PKR, TJS, UZS, VES, XOF, MRU, DKK, BGN, ISK, ETB, ZMW, TZS, AOA	",-,
Wizard Games,USD EUR GBP DKK SEK NOK AUD CAD AMD RUB ZAR CNY THB CZK PLN BRL HUF GHS MXN INR ISK JPY MYR PHP TWD XOF NGN BDT CHF HKD IDR KRW LKR NIO NZD SGD TRY ARS RON HRK BGN GEL UAH ZMW COP PEN TND KZT ALL XAF CLP UGX VND IRR UYU PYG BOB AZN MNT KGS MMK KWD AED IQD KES TZS RSD LBP SLL NPR SAR UZS AOA BAM CDF CRC GNF JMD LRD MWK MZN NAD RWF SVC VES AFN ANG AWG BBD BHD BIF BMD BND BSD BTN BWP BYN BZD CUP CVE DJF DOP DZD EGP ERN ETB FJD FKP GIP GMD GTQ GYD HNL HTG ILS JOD KHR KMF KPW KYD LAK LSL LYD MAD MDL MGA MKD MOP MRU MUR MVR OMR PAB PGK PKR QAR SBD SCR SDG SHP SOS SRD SSP STN SYP SZL TJS TMT TOP TTD VUV WST XCD XPF YER tEUR(virtual EUR) SDC SLE,-,
Pateplay,AED ALL AMD AR1 (Blue Dollar) AUD AZN BDT BGN BOB BRL BYN CAD CDF CHF CLP CNY COP CRC CZK DKK EUR GBP GEL GHS GMD GYD HKD HUF IDR ILS INR IQD IRR IRT JPY KES KHR KRW KZT LBP MAD MDL MKD MNT MXN MYR NGN NOK NZD PEN PHP PKR PLN PPD PYG RON RUB SEK SGD THB TND TRY TZS UAH UGX USD UYU UZS VND XAF XOF ZAR RSD TOM BAM,,
PenguinKing,"ETB, EUR, FJD, FKP, GEL, GGP, GHS, GIP, GMD, GNF, GTQ, GYD, HKD, HNL, HTG, HUF, IDR, ILS, IMP, INR, IQD, IRR, ISK, JEP, JMD, JOD, JPY, KES, KGS, KHR, KMF, KPW, KRW, KWD, KYD, KZT, LAK, LBP, LKR, LRD, LSL, LYD, MAD, MDL, MGA, MKD, MMK, MNT, MOP, MRO, MUR, MVR, MWK, MXN, MYR, MZN, NAD, NGN, NIO, NOK, NPR, NZD, OMR, PAB, PEN, PGK, PHP, PKR, PLN, PYG, QAR, RON, RSD, RUB, RWF, SAR, SBD, SCR, SDG, SEK, SGD, SHP, SLL, SOS, SRD, SVC, SYP, SZL, THB, TJS, TMT, TND, TOP, TRY, TTD, TVD, TWD, TZS, UAH, UGX, USD, UYU, UZS, VEF, VND, VUV, WST, XAF, XCD, XOF, XPF, YER, ZAR, ZMW","ADA, DOGE, mBCH, mETH, mLTC, uBTC, uETH, XRP",
PeterAndSons,"eur, amd, aud, bdt, bif, brl, cad, cdf, chf, clp, cop, czk, dog, doge, idr, jpy, kidr, krw, kvnd, kzt, mdl, midr, mkd, mmk, mvnd, mvr, mxn, myr, mzn, nok, pen, php, pkr, pln, ron, sek, sgd, thb, try, twd, uah, usd, usdc, usdt, vnd, xaf, xof, aed, afn, all, ars, bnd, hkd, bwp, crc, cup, dop, dzd, egp, etb, hrk, gbp, ghs, gmd, gnf, hnl, htg, ils, inr, iqd, irr, isk, jmd, kes, kgs, khr, lak, lbp, lkr, lrd, lsl, mad, ubtc, xcd, mga, mnt, mop, mur, mwk, nad, nio, npr, xrp, pab, pyg, qar, rsd, rub, rwf, sar, scr, srd, ssp, szl, tjs, tmt, trx, tzs, ugx, uyu, uzs, ves, yer, zmw, ada, ang, aoa, azn, bam, bch, bgn, bhd, bnb, bob, byn, bzd, cny, dkk, gel, gtq, huf, jod, kwd, ltc, meth, ngn, nzd, omr, ppc, sdg, tnd, ton, ttd, zar",,
Platipus,"AED, ALL, AMD, AOA, ARS, AUD, AZN, BAM, BDT, BGN, BHD, BOB, BRL, BYN, CAD, CDF, CHF, CLP, CNY, COP, CRC, CZK, DKK, DOP, DZD, EGP, ETB, EUR, GBP, GEL, GHS, GMD, GTQ, HKD, HNL, HRK, HTG, HUF, ICX, IDR, INR, IQD, IRR, ISK, JOD, JPY, KES, KGS, KHR, KRW, KWD, KZT, LAK, LKR, MAD, MDL, MGA, MKD, MMK, MNT, MXN, MYR, MZN, NGN, NIO, NOK, NZD, OMR, PAB, PEN, PGK, PHP, PKR, PLN, PYG, QAR, RON, RSD, RUB, SAR, SCR, SDG, SEK, SGD, SOS, THB, TJS, TMT, TND, TRY, TWD, TZS, UAH, UGX, USD, UYU, UZS, VND, XAF, XOF, ZAR, ZMW, ARSB (Blue Dollar)","uBTC, mETH, mLTC, BCH, mBCH, TRX, USDT, uETH, DOGE, mBNB, mEOS, mXMR, XVG, XRP, MATIC, ADA, BTT",
PlaylogiQ,"EUR, USD, GBP, TND, ETB, MAD, KES, ZWL, XAF, BRL, CHF, IQD, CLP, CFA, NGN, TZS, XOF, TRY, DJF, ZAR","USDT, USDC, SHIB, BTC, ETH, ADA, ARB, CHZ, DASH, DOGE, ETC, SOL, TRX",
Playson,"EUR, USD, UAH, RUB, TRY, GBP, CHF, CAD, AUD, PLN, NOK, CZK, SEK, NGN, LBP, AMD, AZN, BRL, CNY, GEL, GHS, IDR, IRR, JPY, KGS, KRW, KZT, MDL, MYR, RSD, SGD, TJS, TMT, UGX, VEF, VND, XAF, HUF, DOP, RON, ARS, PEN, CLP, MXN, BAM, DKK, HKD, INR, IQD, NZD, ZAR, THB, PHP, TWD, XOF, ALL, AED, AFN, ANG, AOA, AWG, BBD, BDT, BGN, BHD, BIF, BMD, BND, BOB, BSD, BTN, BWP, BZD, CDF, COP, CRC, CUC, CUP, CVE, DJF, DZD, EGP, ERN, ETB, FJD, FKP, GGP, GIP, GMD, GNF, GTQ, GYD, HNL, HRK, HTG, ILS, IMP, ISK, JEP, JMD, JOD, KES, KHR, KMF, KPW, KWD, KYD, LAK, LKR, LRD, LSL, LYD, MAD, MGA, MKD, MMK, MNT, MOP, MRO, MUR, MVR, MWK, MZN, NAD, NIO, NPR, OMR, PAB, PGK, PKR, PYG, QAR, RWF, SAR, SBD, SCR, SDG, SHP, SLL, SOS, SRD, STD, SVC, SYP, SZL, TND, TOP, TTD, TVD, TZS, UYU, UZS, VUV, WST, XB2, XCD, XDR, XPF, YER, ZMW, ZWD, BYN, XB3, IRT, MHC, EOS, ET2, LT1, LT2, XRP, TRX, BTT, US1","uBTC, mETH, mLTC, uLTC, BTT, TRX, USDT, XRP",
Play'n GO,"AFN, ALL, AMD, AOA, ARS, AUD, AWG, AZN, BAM, BBD, BDT, BGN, BHD, BIF, BOB, BRL, BSD, BTN, BWP, BZD, BMD, BYN, CAD, CVE, CRC, CNY, CLP, COP, CUP, CZK, CDF, DKK, DJF, DOP, DZD, EGP, ERN, ETB, EUR, FKP, FJD, GEL, GHS, GIP, GMD, GTQ, GNF, GYD, HKD, HNL, HRK, HTG, HUF, IDR, ILS, INR, IQD, IRR, ISK, JMD, JOD, JPY, KDR, KES, KGS, KHR, KMF, KPW, KRW, KWD, KZT, LAK, LBP, LKR, LRD, LSL, LYD, MAD, MDL, MGA, MKD, MMK, MNT, MOP, MRO, MUR, MXN, MYR, MVR, MWK, NAD, NGN, NIO, NPR, NOK, NZD, OMR, PAB, PEN, PHP, PGK, PKR, PLN, PYG, QAR, RON, RSD, RWF, SAR, SCR, SDG, SEK, SGD, SHP, SLL, SOS, SRD, SZL, SYP, STD, TJS, TND, TOP, TTD, TRY, TWD, TMT, TZS, UAH, UGX, USD, UZS, VEF, VND, VUV, WST, XAF, XCD, XOF, XPF, YER, ZAR, ZMW",uBTC,
Playtech,AED ALL AMD ARS AUD AZN BAM BBD BDT BGN BND BRL BVE CAD CHF CLP CNY COP CRC CZK DKK DOP EEK EUR FJD GBP GEL GHS GTQ GYD HKD HNL HRK HUF IDR ILS INR ISK JPY KES KGS KRW KZT LAK LTL LVL MAD MMK MNT MOP MXN MYR NGN NIO NOK NZD PEN PHP PLN PYG RON RSD RUB RUP SEK SGD THB TRY TWD TZS UAH UGX USD UYU VDO VEB VND XCD XFN  XXX ZAR,-,
Playtech Asia,"BDT, CNY, IDR, INR, JPY, KRW, MMK, MYR, PHP, THB, TWD, USD, VND",-,
PGSoft,EUR RMB USD IDR KRW GBP RSD ARS DKK SEK NOK TRY RUB UAH RON HUF CZK AZN GEL IRR INR MWK MZN KES UGX KHR MMK BND ALL BAM BIF CAD CHF GHS HRK MXN NGN TZS VND BRL ZMW SCR PEN NZD CLP XAF MAD HNL COP AMD MNT KZT TND SDG MKD ZAR ILS ISK SYP LYD UYU YER LBP AED BOB QAR DOP TND PAB DZD SAR EGP PYG PLN NIO GTQ IQD CRC SVC XOF BDT LKR KGS GNF LAK ETB UZS BYN CDF SLL PKR LRD        ,"uBTC, USDT, USDC, TUSD",
PGSoftAsia via Jilli,EUR RMB USD IDR JPY KRW GBP RSD ARS DKK SEK NOK TRY RUB UAH RON HUF CZK AZN GEL IRR INR MWK MZN KES UGX KHR MMK BND ALL BAM BIF CAD CHF GHS HRK MXN NGN TZS VND BRL ZMW SCR PEN NZD CLP XAF MAD HNL COP AMD MNT KZT TND SDG MKD ZAR ILS ISK SYP LYD UYU YER LBP AED BOB QAR DOP TND PAB DZD SAR EGP PYG PLN NIO GTQ IQD CRC SVC XOF BDT LKR KGS GNF LAK ETB UZS BYN CDF SLL PKR LRD        ,"uBTC, USDT, USDC, TUSD",
PopiPlay,AED ALL AMD AOA ARS AR1 AUD AZN BAM BDT BGN BHD BIF BOB BRL BYN BZD CAD CDF CHF CLP CNY COP CRC CUP CZK DKK DOP DZD EGP ERN ETB EUR FUN GBP GEL GHS GHS GNF GTQ HKD HRK HTG HUF IDR ILS INR IQD IRR IRT ISK JMD JOD JPY JPY KES KGS KHR KRW KWD KZT LAK LBP LKR LRD LYD MAD MDL MKD MMK MNT MOP MVR MWK MXN MYR MZN NAD NGN NIO NOK NPR NZD OMR PAB PEN PGK PHP PKR PLN PYG QAR RON RSD RUB RWF SAR SBD SCR SEK SGD SLE SLL SOS THB TJS TMT TND TRY TTD TWD TZS UAH UGX USD UYU UZS VEF VES VND XAF XOF ZAR ZMK ZMW ZWL GYD AFN ANG AWG BBD BMD BND BSD BTN BWP CLF CUC CVE DJF FJD FKP GIP GMD KMF KPW KYD LSL MGA MRU MUR SDG SHP SKK SRD SSP STD SVC SYP SZL TOP VUV WST XAG XAU XBA XBB XBC XBD XCD XPD XPF XPT YER JEP GGP IMP XFU GBX CNH EEK LTL LVL MRO MTL TMM ZWD ZWN ZWR,ADA BCH BNB DASH DOGE mBNB mETH mLTC TRX uBTC uETH uLTC USDC USDT XDR XMR XRP,
Popok,ACE AED ALL AMD AOA ARS AUD AZN BAM BCH BDT BGN BIF BIT BMD BNB BND BOB BRL BSD BSS BTC BTS BYN BYR CAD CDF CFA CHF CLP CNY COP CPC CRC CRE CRX CZK DAG DAI DAS DCP DGP DKK DOG DOP EGP ETB ETC ETH EUR FJD FST FTN GBP GEL GHS GMD GPT GRN GTQ HKD HNL HRK HTG HUF IDR IIP ILS INR IQD IRB IRC IRR IRT JMD JOD JPY KES KGS KHR KRW KZT LAT LBP LKR LSL LTC LTL LVL MAD MBT MDL MET MGA MKD MMK MNT MUR MXN MYR NAD NGN NIS NOK NZD PAB PEN PGK PHP PKR PLN PRB PTS PYG QAR QCB RMB RON RSD RUB RWF SAO SAR SBD SCR SEK SGD SLL SPC SSP STH SVC SYP THB TJS TMT TND TOM TRX TRY TTD TUS TWD TZS UAH UGX USA USC USD UYU UZS VCC VEB VEF VM2 VND WON XAF XMR XOF XRP ZAR ZEC ZMK ZMW ZPT COIN KWD NIO GNF DSH SHB YSH NLC YOS MBC MTH NPR V01 V02 V03 V04 MKW MZN SLE MEV NSP SOS SDG MWK ADA,,
Pragmatic Play,AED AFN ALL AMD ANG AOA ARS AUD AWG AZN BAM BBD BDT BGN BHD BIF BMD BND BOB BOV BRL BSD BTN BWP BYN BZD CAD CDF CHE CHF CHW CLF CLP CNY COP COU CRC CUC CUP CVE CZK DJF DKK DOP DZD EGP ERN ETB EUR FJD FKP GBP GEL GHS GIP GMD GNF GTQ GYD HKD HNL HTG HUF IDR ILS INR IQD IRR ISK JMD JOD JPY KES KGS KHR KMF KPW KRW KWD KYD KZT LAK LBP LKR LRD LSL LYD MAD MDL MGA MKD MMK MNT MOP MRU MUR MVR MWK MXN MXV MYR MZN NAD NGN NIO NOK NPR NZD OMR PAB PEN PGK PHP PKR PLN PYG QAR RON RSD RUB RWF SAR SBD SCR SDG SEK SGD SHP SLE SOS SRD SSP STN SVC SYP SZL THB TJS TMT TND TOP TRY TTD TWD TZS UAH UGX USD USN UYI UYU UZS VED VEF VND VUV WST XAF XCD XDR XOF XPF XSU XUA YER ZAR ZMW ZWL,"uBTC, uETH, uLTC, BCH, DOGE",
Pragmatic Play Live,AED AFN ALL AMD ANG AOA ARS AUD AWG AZN BAM BBD BDT BGN BHD BIF BMD BND BOB BOV BRL BSD BTN BWP BYN BZD CAD CDF CHE CHF CHW CLF CLP CNY COP COU CRC CUC CUP CVE CZK DJF DKK DOP DZD EGP ERN ETB EUR FJD FKP GBP GEL GHS GIP GMD GNF GTQ GYD HKD HNL HTG HUF IDR ILS INR IQD IRR ISK JMD JOD JPY KES KGS KHR KMF KPW KRW KWD KYD KZT LAK LBP LKR LRD LSL LYD MAD MDL MGA MKD MMK MNT MOP MRU MUR MVR MWK MXN MXV MYR MZN NAD NGN NIO NOK NPR NZD OMR PAB PEN PGK PHP PKR PLN PYG QAR RON RSD RUB RWF SAR SBD SCR SDG SEK SGD SHP SLE SOS SRD SSP STN SVC SYP SZL THB TJS TMT TND TOP TRY TTD TWD TZS UAH UGX USD USN UYI UYU UZS VED VEF VND VUV WST XAF XCD XDR XOF XPF XSU XUA YER ZAR ZMW ZWL,"uBTC, uETH, uLTC, BCH, DOGE",
Push Gaming,AMD ARS AZN BDT BOB BGN BIF BND BRL BYN BYR CAD CDF CHF CLP CNY COP CZK DKK DOP EUR GBP GEL GHS GNF HRK HTG HUF IDR INR ISK KES KGS KRW KZT LKR MDL MKD MNT MXN MZN NAD NOK NZD PEN PHP PYG RMB RON RSD RWF SCR SEK THB TJS TMT TND TZS UAH USD USDT UZS VEF VND XAF XOF ZMW,USDT,
RAW (RevDev),"BGN, AMD, LVL, LEI, PYG, TWD, UYU, COP, ISK, CHF, USD, AUD, CAD, SGD, NZD, GEL, BRL, PEN, LTL, PLN, RON, MYR,DKK, HKD, HRK, NOK, VEF, ZAR, ARS, MXN, CZK, RUB, INR, HUF, NGN, KRW, GHS, KES, TRY, XMR, TRX, AED, IRR, BOB, PAB,VND, IDR, ZWD, UGX, TZS, ZMW, PKR, ZMK, CRC, ALL, EUR, GBP, THB, JPY, UAH, PHP, CNY, BHD, BIF, UZS, HU2, IQD, KSH, KZT, MAD, MEM, MOP, MWK, MZN, SZL, SEK, SKK, TIN, VEN, AZN, MGA, BDT, SAR, CDF, XOF, BYN, MDL, KGS, TMT, MMK, DZD, CLP, TND, RSD, PNT, MKD, VES",USDT,
RoyalGaming (GClub),CNY HKD KRW MYR SGD USD JPY THB IDR EUR GBP CHF MXN CAD RUB INR RON DKK NOK TWD MMK VND PHP BRL LAK NGN ZAR PKR AUD CLP CDF BND ETB BDT	,USDT,
RSG Slots,NT  HK  IDR  JPY  KRW MYR  RMB SGD THB USD  MMK  VND  INR  PHP  EUR  GBP  AUD  BRL  LAK  NGN  PKR  ZAR  MXN BDT   ,USDT MYR2 RSG01 RSG02 USDK,
"Redgenn (PLS, BNG)",HCAD hGBP hMXN hRON hRUB hUSD ADA AED AFN ALL AMD ANG AOA ARS AR1 AUD AWG AZN BAM BBD BCH BDT BGN BHD BIF BMD BND BOB BRL BSD BSV BTN BTT BWP BYN BZD CAD CDF CHF CHP CLP CNB CNG CNH CNY COP CRC CUC CUP CVE CZK DJF DKK DOG DOP DZD EGP EOS ERN ETB EUR FJD FKP GBP GEL GGP GHS GIP GMD GNF GTQ GYD HKD HNL HRK HTG HUF ICX mIDR IDR ILS IMP INR IQD IRR IRT ISK JEP JMD JOD JPY tKAY KES KGS KHR KMF KPW KRW KWD KYD KZT LAK LBP LKR LRD LSL LYD MAD MDL MGA MHC MKD MMK MNT MOP MRU MUR MVR MWK MXN MYR MZN NAD NEO NGN NIO NOK NPR NZD OMR PAB PEN PGK PHP PKR PLN PYG QAR RON RSD RUB RWF SAR SBD SCR SDG SEK SGD SHP kSLL SLL SOS SPL SRD STN SVC SYP SZD SZL THB TJS TKN TMT TND TOP TRX TRY TTD TVD TWD TZS UAH UGX USDT mUSD USD UST UYU UZS VEF VES mVND VND VUV WST XAF XAG XAU XCD XDR XMR XOF XPD XPF XPT XRP XVG YER ZAR ZNW ZWD,ADA mBCH BCH mBNB (BN3) BNB BSV BTT CHP CNB CNG DOG mEOS EOS mETH uETH ICX mLTC MATIC MHC milliNEO microNEO NEO SZD TRX USDT MBC XRP XVG uBTC(XB3),
Red Eagle,"CAD, AUD, PEN, BRL, CNY MYR, VES, BOB, MXN, ARS, THB, JPY, INR, VND, IDR, GBP, EUR, RUB, KRW, TRY, BGN, CHF, CZK, DKK, HUF, NOK, NZD, ZAR, PLN, RON, SEK, CLP, MMK, TWD, AMD, CRC, KES, UGX, NGN, TZS, LKR, TMT, SGD, UAH, BYN, MBT, USD",MBT (MineBit),
Red Rake Gaming,AED AFN ALL AMD ANG ARS AUD AZN BBD BDT BGN BHD BIF BMD BND BOB BRL BSD BWP BYN BZD CAD CDF CHF CLP CNY COP CRC CUP CVE CYP CZK DJF DKK DOP DZD ECS EEK EGP ETB EUR FJD FKP GBP GEL GIP GMD GNF GTQ GYD HKD HNL HRK HTG HUF IDR ILS INR IQD IRR ISK JMD JOD JPY KES KGS KHR KMF KPW KRW KWD KYD KZT LAK LBP LKR LRD LSL LTL LVL LYD MAD MDL MGA MKD MMK MNT MOP MRO MTL MUR MVR MWK MXN MYR MZN NAD NGN NIO NOK NPR NZD OMR PAB PEN PGK PHP PKR PLN PYG QAR RON RSD RUB RWF SAR SBD SCR SDG SEK SGD SKK SLL SOS SRD SSP STD SVC SYP SZL THB TJS TMT TND TOP TRY TTD TWD TZS UAH UGX USD UYU UZS VEF VND VUV WST XAF XCD XOF XPF YER ZAR ZMK ZWD GHS AOA WILD BYN XRP XMR DASH DOGE IRT BNB BAM KAY ARG TUSD TCAD TMXN TEUR TGBP ZMW,"uBTC, USDT, XRP, XMR, DOGE, DASH, mBNB",
Red Tiger Gaming,AED AMD ARS AZN BRL BYN BYR CAD CDF CHF CLP CNY COP CZK DKK EUR GBP GEL GHS HKD HRK HUF IDR IDR ILS INR IQD IRR ISK JPY KES KGS KHR KRW KRW KZT LTL LVL MAD MDL MGA MMK MMK MMK MNT MOP MUR MXN MYR NGN NOK NZD PEN PHP PLN PYG RMB RON RSD RUB RWF SEK SGD SKK THB TJS TMT TRY TTD TWD TZS UAH UGX USD UYU UZS VEF VND VND XAF ZAR ZMW,-,
Religa,"AED, AFN, ALL, AMD, ANG, AOA, ARS, AUD, AWG, AZN, BAM, BBD, BDT, BGN, BHD, BIF, BMD, BND, BOB, BRL, BSD, BTC, BTN, BWP, BYN, BZD, CAD, CDF, CHF, CLF, CLP, CNH, CNY, COP, CRC, CUC, CUP, CVE, CZK, DJF, DKK, DOP, DZD, EGP, ERN, ETB, EUR, FJD, FKP, GBP, GEL, GGP, GHS, GIP, GMD, GNF, GTQ, GYD, HKD, HNL, HRK, HTG, HUF, IDR, ILS, IMP, INR, IQD, IRR, IRRT, ISK, JEP, JMD, JOD, JPY, KES, KGS, KHR, KMF, KPW, KQD, KRW, KWD, KYD, KZT, LAK, LBP, LKR, LRD, LSL, LYD, MAD, MDL, MGA, MKD, MMK, MNT, MOP, MRU, MUR, MVR, MWK, MXN, MYR, MZN, NAD, NGN, NIO, NOK, NPR, NZD, OMR, PAB, PEN, PGK, PHP, PKR, PLN, PYG, QAR, RON, RSD, RUB, RWF, SAR, SBD, SCR, SDG, SEK, SGD, SHP, SLE, SLL, SOS, SRD, SSP, STN, SVC, SYP, SZL, THB, TJS, TMT, TND, TOP, TRY, TTD, TWD, TZS, UAH, UGX, USD, UYU, UZS, VES, VND, VUV, WST, XAF, XAG, XAU, XCD, XDR, XOF, XPD, XPF, XPT, YER, ZAR, ZMW, ZWL ","BTC, DOGE, ETC, ETH",
RevolverGaming,AED AFN ALL AMD ANG AOA ARS AUD AWG AZN BAM BBD BDT BGN BHD BIF BMD BND BOB BRL BSD BTN BWP BYN BZD CAD CDF CHF CLP CNY COP CRC CUP CVE CZK DIA DJF DKK DOP DZD EGP ERN ETB EUR FJD FKP GBP GEL GHS GIP GMD GNF GTQ GYD HKD HNL HRK HTG HUF IDR ILS INR IQD IRR ISK JMD JOD JPY KES KGS KHR KMF KPW KRW KWD KYD KZT LAK LBP LKR LRD LSL LYD MAD MDL MGA MKD MMK MNT MOP MRO MUR MVR MWK MXN MYR MZN NAD NGN NIO NOK NPR NZD OMR PAB PEN PGK PHP PKR PLN PYG QAR RON RSD RUB RWF SAR SBD SCR SDG SEK SGD SHP SLL SOS SRD STD SVC SYP SZL THB TJS TMT TND TOP TRY TTD TWD TZS UAH UGX USD UYU UZS VEF VND VUV WST XAF XCD XDR XOF XPF YER ZAR ZMW,-,
RTG SLOTS (RealtimeGaming),CNY IDR INR JPY KHR KRW MMK MYR SGD THB TWD VND HKD PHP,-,
ReelPlay via Relax,AED ALL AMD ARS AUD AZN BAM BDT BGN BND BOB BRL BYN CAD CDF CHF CLP CNY COP CRC CZK DKK DOP EGP EUR GBP GEL GHS HKD HRK HUF HTG IDR ILS INR IQD ISK IRR JPY KES KGS KHR KRW KWD KZT LAK LKR MAD MDL MKD MMK MXN MNT MVR MYR NGN NOK NPR NZD PEN PHP PKR PLN PYG RMB RON RSD RUB RWF SAR SEK SGD SLL SZL THB TJS TMT TND TRY TTD TWD TZS UAH UGX USD UYU UZS VND XAF XOF ZAR ZMW,-,
Relax Gaming,AED ALL AMD ARS AUD AZN BAM BDT BGN BND BOB BRL BYN CAD CDF CHF CLP CNY COP CRC CZK DKK DOP EGP EUR GBP GEL GHS HKD HRK HUF HTG IDR ILS INR IQD ISK IRR JPY KES KGS KHR KRW KWD KZT LAK LKR MAD MDL MKD MMK MXN MNT MVR MYR NGN NOK NPR NZD PEN PHP PKR PLN PYG RMB RON RSD RUB RWF SAR SEK SGD SLL SZL THB TJS TMT TND TRY TTD TWD TZS UAH UGX USD UYU UZS VND XAF XOF ZAR ZMW,-,
Rival Powered,"AED, ALL, AMD, AOA, ARS, ARSB, AUD, AZN, BAM, BDT, BDT, BGN, BHD, BNB, BOB, BRL, BYN, CAD, CDF, CHF, CLP, CNY, COP, CRC, DKK, DZD, EGP,
ETB, EUR, GBP, GEL, GHS, HKD, HRK, HUF, IDR, INR, IQD, IRR, JOD, JPY, KES, KHR, kIDR, kIQD, KRW, kVND, KWD, KZT, LBP, LKR, LSL, LYD, MAD,
MDL, MMK, MNT, MVR, MWK, MXN, MYR, MZN, NGN, NOK, NPR, NZD, PEN, PHP, PKR, PLN, PYG, QAR, RON. RSD, RUB, RWF, SAR, SEK, SGD, SLL,
THB, TMT, TND, TRY, TWD, TZS,, UAH, UGX, USD, UYU, UZS, VEF, VND, XAF, XOF, XRP, ZAR, ZEC, ZMW","ATOM, BCH, BSV, BTC, DASH, DOGE, DOT, EOS, ETC, ETH, FTN, IRT, LINK, LTC, mBCH, mBSV, mBTC, mETH, mLTC, TOMO, TRX, uBTC, UNI, USDC, USDT",
RubyPlay via Relax,"ALL, AED, AFN, AMD, ANG, AOA, ARS, AUD, AWG, AZN, BAM, BBD, BDT, BGN, BHD, BIF, BMD, BND, BOB, BRL, BSD, BTN, BWP, BYN, BZD, CAD, CDF,
 CHF, CLF, CLP, CNY, COP, CRC, CUC, CUP, CVE, CZK, DJF, DKK, DOP, DZD, EGP, ERN, ETB, EUR, FJD, FKP, GBP, GEL, GHS, GIP, GMD, GNF, GTQ,
 GYD, HKD, HNL, HRK, HTG, HUF, IDR, ILS, INR, IQD, IRR, ISK, JMD, JOD, JPY, KES, KGS, KHR, KMF, KPW, KRW, KWD, KYD, KZT, LAK, LBP, LKR,
 LRD, LSL, LYD, MAD, MDL, MGA, MKD, MMK, MNT, MOP, MRU, MUR, MVR, MWK, MXN, MYR, MZN, NAD, NGN, NIO, NOK, NPR, NZD, OMR, PAB,
 PEN, PGK, PHP, PKR, PLN, PYG, QAR, RON, RSD, RUB, RWF, SAR, SBD, SCR, SDG, SEK, SGD, SHP, SLL, SOS, SRD, SSP, STD, SVC, SYP, SZL, THB,
 TJS, TMT, TND, TOP, TRY, TTD, TWD, TZS, UAH, UGX, USD, UYU, UZS, VES, VND, VUV, WST, XAF, XCD, XOF, XPF, YER, ZAR, ZMW, ZWL",-,
Quickspin,"ALL, AMD, ARS, AUD, AZN, BAM, BGN, BOB, BRL, BYR, CAD, CHF, CLP, CNY, COP, CZK, DKK, DOP, EUR, GBP, GEL, GHS, HKD, HUF, IDR, INR, ILS, IQD, ISK, JPY, KES, KGS, KRW, KZT, MAD, MDL, MKD, MMK, MXN, MYR, NGN, NOK, NZD, PEN, PHP, PYG, RMB, RON, RSD, RUB, SEK, SGD, THB, TND, TRY, TWD, TJS, TMT, UAH, USD, UYU, UZS, VEF, VND, XAF, XOF, ZAR",-,
SA Gaming,"AED, ARS, AUD, BDT, BND, BRL, CAD, CHF, CLP, DKK, EUR, GBP, HUF, INR, JPY, KZT, LKR, MYR, NOK, NZD, PEN, PLN, RUB, SEK, SGD, THB, TND, TRY, TWD, UAH, USD, ZAR, IDR, KHR, MMK, VND",-,Currencies are allowed to used accordingly to the countries only (e.g. AUD for Australia) 
Skywind,AMD AOA ARS AUD AZN BDT BMD BND BRL BYN CAD CDF CHF CLP CNY COP CRC CZK DKK DOP EGP ETB EUR GBP GEL GHS GMD GNF HKD HNL HRK HUF IDR IDS ILS INR ISK JPY KES KGS KRW KZT LRD MAD MDL MMK MNT MOP MWK MXN MYR MZN NGN NIO NOK NZD PEN PHP PKR PLN PYG RON RSD RUB RUP RWF SEK SGD SLE SLL THB TND TRY TWD TZS UAH UGX USD UYU VDO VEF VES VND VNS XAF XOF ZAR ZMW,"BTC, ETH, LTC, DOG, TET (USDT), USDC",
Spearhead via SlotMatrix,"EUR, AFN, ALL, DZD, AOA, ARS, AMD, AWG, AUD, AZN, BSD, BHD, BDT, BBD, BZD, BMD, BTN, BOB, BAM, BWP, BRL, GBP, BND, BGN, MMK, BIF, KHR, CAD, CVE, KYD, XAF, XPF, CLP, CNY, COP, KMF, CDF, CRC, HRK, CUP, CZK, DKK, DJF, DOP, XCD, EGP, ERN, ETB, FJD, GMD, GEL, GHS, GTQ, GNF, GYD, HTG, HNL, HKD, HUF, ISK, INR, IDR, IRR, IQD, ILS, JMD, JPY, JOD, KZT, KES, KWD, KGS, LAK, LBP, LSL, LRD, LYD, MOP, MKD, MGA, MWK, MYR, MVR, MRO, MUR, MXN, MDL, MNT, MAD, MZN, NAD, NPR, BYN, TWD, NZD, NIO, NGN, KPW, NOK, OMR, PKR, PAB, PGK, PYG, PEN, PHP, PLN, QAR, RON, RUB, RWF, SHP, WST, STN, SAR, RSD, SCR, SLL, SGD, SBD, SOS, ZAR, KRW, LKR, SDG, SRD, SZL, SEK, CHF, SYP, TJS, TZS, THB, TOP, TTD, TND, TRY, TMT, UGX, UAH, AED, UYU, USD, UZS, VUV, VEF, VND, XOF, YER, ZMW, kVND, kIDR, TRX",TRX,
Slotmill,"AED, AMD, AOA, ARS, AUD, AZN, BAM, BDT, BGN, BIF, BND, BOB, BRL, BYN, CAD, CDF, CHF, CLP, CNY, COP, CRC, CUP, CZK, DKK, DOP, DZD, EGP, ETB, EUR, GBP, GEL, GGP, GHS, GIP, GTQ, HKD, HRK, HTG, HUF, IDR, ILS, IMP, INR, IQD, IRR, ISK, JEP, JOD, JPY, KES, KGS, KHR, KRW, KWD, KZT, LKR, MAD, MDL, MKD, MMK, MNT, MVR, MXN, MYR, MZN, NAD, NGN, NIO, NOK, NPR, NZD, OMR, PAB, PEN, PHP, PKR, PLN, PYG, RON, RSD, RUB, SEK, SGD, SOS, SSP, SVC, THB, TJS, TMT, TND, TRY, TWD, TZS, UAH, UGX, USD, UYU, UZS, VND, XAF, XOF, ZAR, ZMW, aARS (Argentinian Blue Dollar)","USDT, DOGE, mETH, mLTC, uBTC",
SmartSoft,AED ALL AMD AOA ARS ARS1 AUD AZN BDT BGN BHD BIF BOB BRL BYN CDF CFA CHF CLP CNY COP CRC CZK DKK DZD EGP ETB EUR GBP GEL GHS GMD GNF GTQ HKD HNL HTG HUF IDR ILS INR IQD JOD JPY KES KGS KHR KRW KWD KZT LAK LBP LKR LRD LSL MAD MDL MGA MKD MMK MNT MOP MVR MWK MXN MYR MZN NAD NGN NOK NPR NZD OMR PAB PEN PHP PKR PLN PYG QAR RON RSD RUB RWF SAR SEK SGD SLE SLL SOS SZL THB TJS TMT TND TRY TZS UAH UGX USD UYU UZS VEF VES VND XAF XOF XPF ZAR ZMW,"uBTC, mBCH, mLTC, mETH, DOGE, TRX, USDT, XRP, mCBET, USDX, uXBT, WFAIR, BNB, ADA, DMO, FTN, SOL","There is no crypto in roulettes
CAD currency is blocked"
SimplePlay,AED AMD ARS AUD AZN BDT BND BRL BYN CAD CHF CLP CZK DKK EGP EUR GBP GEL GHS HTG HUF ILS INR JPY KES KGS KRW KZT LKR MDL MXN MYR NAD NOK NPR NZD PEN PHP PKR PLN RUB SEK SGD SZL THB TMT TND TRY TWD UAH USD VES XAF XOF ZAR ZMW CDF COP IDR IRR KHR LAK MMK MNT NGN VND TZS UGX UZS,"USDT, uBTC, mBTC, USDT, ",
Spadegaming,"BDT, ARS, CNY, MXN, USD, NZD, EUR, PEN, GBP, PLN, HKD, PYG, SGD, RSD, KRW, UYU, JPY, ZAR, THB, UAH, IDR, TND, RUB, INR, TRY, VND, SEK, NOK, MYR, AED, MMK, AMD, MMV, CAD, AUD, CHF, ALL, CLP, BRL, CZK, BGN, DKK, KZT, PKR, HUF, IR2, CO2, XAF, XOF, AZN, LAK, NPR, MZN	",USDT,
Spinmatic,EUR USD AED ALL AMD ANG AOA ARS AUD AWG AZN BAM BBD BDT BGN BHD BIF BMD BND BOB BRL BSD BTN BWP BYR BZD CDF CHF CLF CLP CNY COP CRC CUC CUP CVE CZK DJF DKK DOP DZD EGP ERN ETB FJD FKP GBP GEL GGP GHS GIP GMD GNF GTQ GYD HKD HNL HRK HTG HUF IDR ILS IMP INR IQD IRR ISK JEP JMD JOD JPY KES KGS KHR KMF KPW KRW KWD KYD KZT LAK LBP LKR LRD LSL LTL LVL LYD MAD MDL MGA MKD MMK MNT MOP MRO MUR MVR MWK MXN MYR MZN NAD NGN NIO NOK NPR NZD OMR PAB PEN PGK PHP PKR PLN PYG QAR RON RSD RUB RWF SAR SBD SCR SDG SEK SGD SHP SLL SOS SRD STD SVC SYP SZL THB TJS TMT TND TOP TTD TWD TZS UAH UGX UYU UZS VEF VND VUV WST XAF XAG XAU XCD XDR XOF XPF YER ZAR ZMK ZMW ZWL,"uBTC, BCH, BTT, TRX, USDT, XRP, DOGE",
Spinola,EUR GBP AUD USD BRL DKK JPY NOK SEK CNY MYR THB TRY CUP EGP PLN ZAR NGN RON DOP ARS IRR VEF AED AFN ALL AMD ANG AOA AWG AZN BAM BBD BDT BGN BHD BIF BMD BND BOB BSD BTN BWP BYR BZD CAD CDF CHF CLP CRC COP HKD HRK SYP SGD RUB RSD PHP PAB OMR NZD MXN KES JOD JMD ISK IQD HUF ZAR ZWL PEN CZK KZT GEL TJS UZS TND INR LKR UAH MDL XOF XAF DAG HTG PGK GHS LSL NAD MZN ZMW NGN CDF VES,-,
Spinthon,"AED,ALL,AMD,AOA,ARS,AUD,AZN,BAM,BDT,BEN,BGN,BHD,BIF,BMD,BOB,BRL,BWP,BYN,BZD,CAD,CDF,CHF,CLP,CNY,COP,CRC,CUP,CZK,DKK,DOP,DZD,EGP,ETB,EUR,GBP,GEL,GHS,GNF,GTQ,HKD,HRK,HTG,HUF,IDR,ILS,INR,IQD,IRR,ISK,JOD,JPY,KES,KGS,KRW,KWD,KYD,KZT,LKR,LRD,LSL,LYD,MAD,MDL,MGA,MKD,MMK,MNT,MOP,MUR,MXN,MYR,MZN,NAD,NGN,NOK,NPR,NZD,OMR,PAB,PEN,PHP,PKR,PLN,PYG,QAR,RON,RSD,RUB,RWF,SAR,SEK,SGD,SLL,SOS,THB,TJS,TMT,TND,TRY,TWD,TZS,UAH,UGX,USD,UYU,UZS,VES,VND,XAF,XOF,ZAR,ZMW","uBTC, mETH, uETH, USDT",
Spinomenal,USD KRW THB HKD JPY MYR CAD CNY RUB UAH GEL PLN EUR VEF CLP ARS BRL COP MXN PEN UYU GHS CZK ZAR AUD TRY BGN RON GBP DKK HUF CHF AMD IRR KZT AED NZD INR IDR SGD KES NGN XAF XOF AZN TMT KGS MDL TJS MNT UZS NOK PYG BCH TRX BTT USDT TND TZS MZN BSD        ,"uBTC, mETH, uETH, mLTC, BCH, mBCH, TRX, USDT, BNB, DOGE, XRP",SEK is available only for operators with a local license
Spribe,AED AFN ALL AMD ANG AOA ARS AUD AWG AZN BAM BBD BDT BGN BHD BIF BMD BND BOB BRL BSD BTN BWP BYN BYR BZD CAD CDF CHF CLP CNY COP CRC CUC CUP CVE CZK DJF DKK DOP DZD EGP ERN ETB EUR FJD FKP GBP GEL GHS GIP GMD GNF GTQ GYD HKD HNL HRK HTG HUF IDR ILS INR IQD ISK JMD JOD JPY KES KGS KHR KMF KPW KRW KWD KYD KZT LAK LBP LEK LKR LRD LSL LYD MAD MDL MGA MKD MMK MNT MOP MRU MUR MVR MWK MXN MYR MZN NAD NGN NIO NOK NPR NZD OMR PAB PEN PGK PHP PKR PLN PYG QAR RON RUB RSD RWF SAR SBD SCR SDG SEK SGD SLE SOS SRD SSP SYP SZL THB TJS TMT TND TOP TRY TTD TWD TZS UAH UGX USD UYU UZS VEF VES VND VUV WST XAF XCD XOF XPF YER ZAR ZMW ZWL,"uBTC, mLTC, uLTC, XMR, mXMR, EOS, mEOS, BCH, mBCH, XRP, mXRP, TRX, mTRX, mETH, uETH, DOGE, mDOGE, DASH, mDASH, DAI, GUSD, LINK, PAX, PAXG, TUSD, USDC, USDT, XAUT, ADA, AMS, BNB, SOC",
Stakelogic Live,"BGN, BRL, CAD, CHF, CZK, DKK, EUR, GBP, HRK, HUF, NOK, PLN, RON, SEK, USD, NZD, CLP, PEN, RUB, AUD, INR, ZAR, MXN, RSD",,
Stakelogic,EUR USD HUF GBP TWI AED AFN ALL AMD ANG AOA ARS AUD AWG AZN BAM BBD BDT BGN BHD BIF BMD BND BOB BRL BSD BTN BWP BYR BZD CAD CDF CHF CLP CNY COP CRC CUC CUP CVE CZK DJF DKK DOP DZD EGP ERN ETB FJD FKP GEL GGP GHS GIP GMD GNF GTQ GYD HKD HNL HRK HTG IDR ILS IMP INR IQD IRR ISK JEP JMD JOD JPY KES KGS KHR KMF KPW KRW KWD KYD KZT LAK LBP LKR LRD LSL LYD MAD MDL MGA MKD MMK MNT MOP MRO MUR MVR MWK MXN MYR MZN NAD NGN NIO NOK NPR NZD OMR PAB PEN PGK PHP PKR PLN PYG QAR RON RSD RUB RWF SAR SBD SCR SDG SEK SGD SHP SLL SOS SPL SRD STD SVC SYP SZL THB TJS TMT TND TOP TRY TTD TVD TWD TZS UAH UGX UYU UZS VEF VND VUV WST XAF XAG XAU XCD XDR XOF XPD XPF XPT YER ZAR ZMW ZWD STR BYN DEC,-,
SummusGames,AED ALL AMD ARS AUD AZN BAM BDT BGN BOB BRL BYN CAD CDF CHF CLP CNY COP CZK EGP ETB EUR GBP GEL INR JPY KHR KGS KRW KZT MAD MDL MXN NOK NZD PEN PHP PKR PLN RSD SEK THB TND TJS TMT TRY UAH USD UZS UYU VES XOF ZAR,uBTC,
SynotGames,AED AFN ALL AMD ANG AOA ARS AUD AWG AZN BAM BBD BDT BGN BHD BIF BMD BND BOB BRL BSD BTN BWP BYN BZD CAD CDF CHF CLP CNY COP CRC CUC CUP CVE CZK DJF DKK DOP DZD EGP ERN ETB EUR FJD FKP GBP GEL GHS GIP GMD GNF GTQ GYD HKD HNL HRK HTG HUF IDR ILS INR IQD IRR ISK JMD JOD JPY KES KGS KHR KMF KPW KRW KWD KYD KZT LAK LBP LKR LRD LSL LYD MAD MDL MGA MKD MMK MNT MOP MRO MUR MVR MWK MXN MYR MZN NAD NGN NIO NOK NPR NZD OMR PAB PEN PGK PHP PKR PLN PYG QAR RON RSD RUB RWF SAR SBD SCR SDG SEK SGD SHP SLL SOS SRD STD SVC SYP SZL THB TJS TMT TND TOP TRY TTD TWD TZS UAH UGX USD UYU UZS VEF VES VND VUV WST XAF XAG XAU XCD XOF XPD XPF XPT YER ZAR ZMW ZWL,-,
Swintt,"AED,ALL,AMD,AOA,ARS,AUD,AZN,BAM,BDT,BGN,BHD,BIF,BMD,BOB,BRL,BSD,BYN,CAD,CDF,CHF,CLP,CNY,COP,CRC,CZK,DKK,DOP,DZD,
EGP,EUR,GBP,GEL,GHS,GIP,GNF,GTQ,HKD,HRK,HTG,HUF,IDR,ILS,INR,IQD,IRR,ISK,JPY,KES,KGS,KRW,KYD,KZT,LAK,LBP,MAD,MDL,MGA,
MKD,MMK,MNT,MUR,MVR,MXN,MYR,MZN,NAD,NGN,NOK,NPR,NZD,PAB,PEN,PKR,PLN,PYG,QAR,RON,RSD,RUB,RWF,SEK,SGD,THB,TJS,
TMT,TND,TRY,TWD,TZS,UAH,USD,UYU,UZS,VEF,VND,XAF,XCD,XOF,ZAR,ZMW",-,
TaDa Gaming,AED AMD AOA ARS AUD AZN BGN BIF BOB BRL BYN CAD CDF CHF CLP COP CRC CUP CZK DKK DOG DZD EGP EUR GBP GEL GHS GTQ HNL HRK HUF IQD IRR ISK JOD KES KGS KZT mLTC MDL MKD MXN MZN NGN NIO NOK NZD PAB PEN PLN PYG RON RUB SAR SEK TND TRY TZS UAH UGX USD USDT UYU UZS VES XAF XOF ZAR ZMW,"USDT, mLTC, mETH, DOGE, uBTC, mBCH",
TGLab,https://tracker.egamings.com/issues/637739,,
Tom Horn + 7Mojos,PTS USD EUR GBP CAD AUD SKK CZK ALL DZD ARS BSD BHD BDT AMD BBD BMD BTN BOB BWP BZD SBD BND MMK BIF KHR CVE KYD CHF LKR CLP CNY COP KMF CRC HRK CUP DKK DOP ETB ERN FKP FJD DJF GMD AFN AZN BGN BOV CDF COU CUC GHS GNF MGA MZN NIO RON RSD SRD TJS TMT UGX XAG XDR XPD XPT ZWL GTQ GYD HTG HNL HKD HUF ISK INR IDR IRR IQD ILS JMD JPY KZT JOD KES KPW KRW KWD KGS LAK LBP LSL LRD LYD LTL MOP MWK MYR MVR MRO MUR MXN MNT MDL MAD OMR NAD NPR ANG AWG VUV NZD NGN NOK PKR PAB PGK PYG PEN PHP QAR RUB RWF SHP STD SAR SCR SLL SGD VND SOS ZAR XBT XDA XDC XLC PRB BCH MEH BTT XUB SZL SEK SYP THB TOP TTD AED TND MKD EGP TZS UYU UZS WST YER TWD GIP VEF SDG TRY XAF XCD XPF ZMW AOA BYR BAM UAH GEL PLN BRL MXN ZWD SVC BYN LAP,-,
TopSpin,USD INR EUR IDR JPY UAH NPR BDT KZT PLN AZN TJS KGS BRL NGN TZS PKR THB MYR VND MXN CAD AED AUD NZD NOK ZAR CLP HUF MNT CNY XOF KRW SGD RUB ARS UZS TWD TRY GBP IRR LKR MDL PEN PHP SAR,DOGE USDC uLTC uBTC uETH USDT XRP ZC ZG GC FC,
Thunderkick,AMD ARS AZN BGN BOB BRL CAD CHF CLP CNY COP CZK DKK EUR GBP GEL HKD HRK HUF IDR ILS INR ISK JPY KES KGS KRW KZT LKR LTL LVL MDL MMK MNT MXN MYR NGN NOK NZD PEN PHP PLN PYG RON RSD RUB SEK SGD THB TRY TWD TZS UAH USD UYU VEF VND XAF XOF ZAR TND UZS,-,"GBP, SEK currencies are available only for operators with a local license"
TVBet,AED ALL AMD AOA ARS AUD AZN BAM BDT BGN BHD BIF BOB BRL BWP BYN CAD CDF CHF CLP CNY COP CRC CUP CVE CZK DJF DKK DOP DZD EGP ERN ETB EUR GBP GEL GHS GMD GNF GTQ HKD HNL HRK HTG HUF IDR ILS INR IQD IRR IRT ISK JOD JPY KES KGS KHR KMF KRW KWD KZT LAK LBP LBPM LKR LRD LSL LYD MAD MDL MGA MKD MMK MNT MRU MUR MVR MWK MXN MYR MZN NAD NGN NIO NOK NPR NZD OMR PAB PEN PHP PKR PLN PRB PYG QAR RON RSD RUB RWF SAR SCR SDG SEK SGD SLE SLL SOS SSP SYP SYPM SZL THB TJS TMT TMTM TND TRY TTD TWD TZS UAH UGX USD UYU UZS VEF VES VND XAF XOF ZAR ZMW ZWL,"DOGE, BTS, uBTC, mBCH, mBTG mDASH, mETH, mETC, mLTC, mXMR, mZEC, TRX, USDT, XVG, XEM, XRP.",
TurboGames,"USD, UAH, EUR, RUB, CNY, JPY, INR, KZT, BRL, GBP, TRY, IRR, PEN, ARS, AR1, CLP, COP, BOB, THB, AFN, NAD, SAR, BWP, AED, AUD, AZN, BBD, BDT, BIF, BYN, CDF, CHF, CUP, DZD, ETB, GEL, GHS, HTG, IDR, IQD, KES, KRW, LRD, MAD, MNT, MXN, MYR, MZN, NGN, PHP, RWF, SDG, TJS, TND, TZS, UGX, UZS, VND, ZAR, HUF, HKD, PYG, NPR, CAD, LKR, PKR, BGN, CZK, MKD, MDL, RON, MVR, CRC, XOF, XAF, ZMW, AOA, NOK, ISK, EGP, DOP, SEK, UYU, DKK, HRK, LBP, AMD, JOD, KGS, KWD, OMR, PAB, QAR, SGD, SOS, TMT.	","uBTC, mETH, uETH, LTC",
Upgaming,MXN CLP ZAR TND RSD XOF UYU MAD AZN KES SEK UAH GNF MZN ARS THB UZS BDT LYD PHP RUB PYG COP USD DZD KGS CHF ALL VES ZMW TZS VND AUD ILS GHS BOB TRY LBP AED NKD EUR LSL CAD NOK LKR NGN CZK PKR KZT SZL MVR INR NPR JPY AOA PLN GBP BYN HOF MWK NAD PEN NZD BRL ZWL  IDR,USDT,Other currencies can be added by request
UrgentGames,"ADA, AED, AFN, ALL, AMD, ANG, AOA, ARS, ARS_PA, AUD, AWG, AZN, BAM, BBD, BCH, BDT, BGN, BIF, BMD, BNB, BND, BOB, BOV, BRL, BSD, BSV, BTN, BWP, BYN, BZD, CAD, CDF, CFA, CHE, CHF, CHW, CLF, CLP, CNY, COP, COU, CRC, CRO, CUP, CVE, CZK, DAI, DJF, DKK, DOP, DZD, EGP, EOS, ERN, EUR, FKP, FTN, fun, GBP, GEL, GHS, GIP, GMD, GNF, GTQ, GYD, HKD, HNL, HRK, HTG, HUF, IDR, ILS, INR, IQD, IRR, ISK, JMD, JOD, JPY, KES, KGS, KHR, KMF, KPW, KRW, KWD, KYD, KZT, LAK, LBP, LEO, LKR, LRD, LSL, LYD, MAD, MDL, MGA, MKD, MKR, MMK, MNT, MOP, MRU, MUR, MVR, MWK, MXN, MXV, MYR, MZN, NAD, NGN, NIO, NOK, NPR, NZD, OMR, PAB, PEN, PGK, PHP, PKR, PLN, PYG, QAR, RON, RSD, RUB, RWF, SAR, SBD, SCR, SDG, SEK, SGD, SHP, SLE, SLL, SRD, SSP, STN, SVC, SYP, SZL, THB, TJS, TMT, TND, TOP, TRX, TRY, TTD, TWD, TZS, UAH, UGX, USD, USN, UYI, UYU, UYW, VED, VES, VND, VUV, XAF, XAG, XOF,  YER, ZAR, ZMW, ZMW, ZWL","AVAX, BUSD, CAKE, Dash, DOGE, ETB, ETC, ETH, LINK, LTC, MATIC, mBTC, SHIB, Sol, SOS, TUSD, USDC, USDT, WBTC, WST, XAU, XBA, XBB, XBC, XBD, XCD, XDR, XLM, XMR, XPD, XPF, XPT, XRP, XSU, XTS, XTZ, XUA, XXX,",
Victory Ark Gaming,AUD AOA BDT BND BRL CAD CHF CNY ETB EUR GBP GHS HKD HUF IDR INR IRR JPY KES KHR kIDR (1:1000) kMMK (1:1000) KRW kVND (1:1000) KZT LAK LKR LSL MMK MWK MXN MYR MZN NAD NGN NOK NPR NZD PEN PHP PLN RUB SEK SGD SLE SLL SZL THB TND TRY TZS UAH USD VND XAF XOF ZAR ZMW,DOG USDT,
VivoGaming,BHD JOD KWD OMR AUD AZN CAD CHF EUR GBP GEL MBT mBTС USD NZD BAM BGN BND BYN SGD TND BRL MYR PEN PLN TMT TRY AED ILS QAR RON SAR GHS BOB DKK HRK SDG NOK TJS CNY HKD MAD PRB SEK ZMW ARS EGP ETB MDL MXN XMR ZAR CZK UAH TWD UYU MKD PHP RUB RUB THB KGS ZEC HTG INR MZN BDT DZD ISK JPY KES ALL RSD AOA COP HUF NGN ZWL AMD CLP KZT XAF XOF DTC KRW VEF IQD CDF MMK TZS MNT UGX UZS KHR PYG IDR VND BYN OMR MDL XOF  BYR MGA MUR RWF BCH DOG TTD BSD PKR,"mETH, uETH, mLTC, BCH, DOGE, USDT, uBTC",
Wazdan,AED AFN ALL AMD ANG AOA ARS AUD AWG AZN BAM BBD BDT BGN BHD BIF BMD BND BOB BRL BSD BTN BWP BYR BZD CAD CDF CHF CLF CLP CNY COP CRC CUC CUP CVE CZK DJF DKK DOP DZD EGP ERN ETB EUR FJD FKP GBP GEL GGP GHS GIP GMD GNF GTQ GYD HKD HNL HRK HTG HUF IDR ILS IMP INR IQD IRR ISK JEP JMD JOD JPY KES KGS KHR KMF KPW KRW KWD KYD KZT LAK LBP LKR LRD LSL LTL LVL LYD MAD MDL MGA MKD MMK MNT MOP MRO MUR MVR MWK MXN MYR MZN NAD NGN NIO NOK NPR NZD OMR PAB PEN PGK PHP PKR PLN PYG QAR RON RSD RUB RWF SAR SBD SCR SDG SEK SGD SHP SLL SOS SRD STD SVC SYP SZL THB TJS TMT TND TOP TRY TTD TWD TZS UAH UGX USD UYU UZS VEF VND VUV WST XAF XAG XAU XCD XDR XOF XPF YER ZAR ZMK ZMW ZWL,"uBTC, XRP, USDT, TRX, mBNB",
WMCasino,AMD AUD BND BRL CLP CNY EUR GBP GEL HKD IDR INR JPY KRW LAK MMK MYR NTD NZD PHP SEK SGD THB TRY USD VND ZAR	,-,
World Match,AMD ARS AZN BDT BOB BYN CDF CKI CNY CRD DOP EGP GBP GNF HKD HTG ILS IRR JMD KES LKR LRD LYD MMK MXN NGN NPR PEN PLN RON RWF SCR SVC TMT TRY TWD UGX UYU VES XOF ZMW AOA AUD BAM BGN BRL BYR CHE CLP COP CZK DZD EUR GEL GTQ HNL HUF INR IRT JPY KGS KQD KZT LTL MAD MDL MNT MYR NIO NZD PHP PYG RSD SAR SEK THB TND TTD TZS USD UZS VND XPF ZWD AED ARS AWG BBD BMD BSD CAD CHF CNS CRC DKK EEK GHS GYD HRK IDR IQD ISK KHR KRW LAK LVL MUR NAD NOK PAB PKR QAR RUB SBD SGD TJS TTD UAH VEF XAF ZAR ZWL	,"USDT, uBTC, mLTC",
XProGaming (XPG),EUR USD ARS BDT BRL INR JPY KRW NGN NOK NZD PHP PKR THB TRY ZAR AUD CHF AED AMD AZN BAM BGN BHD BND BOB BYN CAD CDF CLP CNY COP CRC CZK DKK DOP DZD ETB GBP GEL GHS HKD HRK HUF IDR IQD IRR ISK JOD KES KGS KHR KWD KZT LAK LBP LKR LRD MAD MNT MOP MXN MYR MZN NAD NIO NPR OMR PEN PLN PYG QAR RON RSD RUB RWF SAR SGD SLL TET TJS TMT TND TWD TZS UAH UGX UYU UZS VEF VES VND XAF XCD XOF ZMW BYR SEK	,"uBTC, USDT, XRP, USDC, BNB, ADA

",
Yggdrasil,AED AMD ARS AUD AZN BDT BGN BOB BRL BSD CAD CDF CHF CLP CNY COP CZK DKK EGP EUR GBP GEL HKD HRK HUF IDR IDX ILS INR ISK JPY KES KGS KHR KRW KZT LRD MDL MMK MOP MXN MYR NGN NOK NZD PEN PHP PLN PYG QAR RON RUB SAR SEK SGD THB TJS TMT TND TRY TWD UAH USD UYU UZS VND VNX ZAR ,-,
YGR Games,AUD BDT BND BRL CAD CHF CLP CNY COP CZK DKK ETB EUR GBP HKD IDR ID2 INR IRR JPY KES KHR KRW KZT LAK LKR MAD MMK MXN MYR NGN NOK NPR NZD PEN PHP PLN RUB SAR SEK SGD SLE THB TND TRY TZS UAH USD UYU VND VN2 XAF XOF ZAR ZMW USDT,"uBTC, ETH, USDT",
ZeusPlay,AED ALL AMD AOA ARS ARSB AUD AZN BDT BGN BHD BIF BOB BRL BSD BWP BYN BZD CAD CDF CHF CLP CNY COP CRC CVE CZK DJF DKK DOP DZD EGP ERN ETB ETBB EUR FUN GBP GEL GHS GMD GNF GTQ GYD HKD HNL HTG HUF IDR ILS INR IQD IRR IRT ISK JOD JPY KES KGS KHR KMF KRW KWD KZT LAK LBP LKR LRD LSL LYD MAD MDL MGA MKD MMK MNT MOP MRU MWK MXN MYR MZN NAD NGN NIO NOK NPR NZD OMR PAB PEN PHP PKR PLN PYG QAR RON RSD RUB RWF SAR SCR SDG SEK SGD SLE SLL SOS SRD STN SZL THB TJS TMT TND TOP TRY TWD TZS UAH UGX USD UYU UZS VEF VES VND XAF XOF ZAR ZMW  ,ADA DOGE NEO mBCH mETH(ET1) mLTC(LT1) uBTC uETH USDT FTN BNB TRX SOL USDC DAI SHIB BUSD XRP XLM MATIC TON,
Zillion,AUD BRL BHD MNT MOP SAR ZWL HNL HTG TTD CAD CZK CNY LAK EUR JPY INR IQD KRW KZT NOK NZD PLN RUB TRY ISK RSD UAH USD ZAR BTN BND HUF CLP PKR VND ZMW UGX CDF BIF XOF TND CHF XAF NGN MXN THB UZS PEN GEL MYR PHP IDR ARS LKR AZN SEK DKK BDT MZN AOA MKD HRK BYN IRR KGS MDL MVR NPR RON TJS TMT TZS HKD COP CRC GBP SGD ILS PAB MAD GTQ LYD BGN KWD NAD GHS KES RWF BOB TWD ALL BAM AMD AED CUP JOD OMR QAR SOS XDR DOP EGP PYG BWP UYU DZD LBP KHR MMK NIO SVC SRD VES GYD TOP ETB LSL,"BTC, DOT, SOL, BCH, BSV, DOG, ETH, LTC, USDT, USDC, XRP, ADA, BNB, TRX, NEO, DASH, SHIB, EOS, DAI, XLM, ZEC, mDOG, uBCH, kCLP, kPKR, kUGX, kCDF, kBIF, kXOF, kXAF, kNGN, kUZS, kIRR, kPYG, kLBP, kKHR, kPYG, kSHIB, UXBT, STAKESC, STAKEGC, mLTC, uLTC, mBTC, uBTC, mETH, uETH, US1, US2, mUSD, tDMD, DM1, ID1, hMYR, 7GB, 7CA, 7MX, 7RO, 7RU, 7US, kVND, kIDR, mBCH, mEOS, BN3, BC1, ET2, ET3, ET6, BT6, LT2, LT3, DA1, NE3, NE6, SH1, XB2, XB3, XBT, mBC2",